User_id,First_Name,Last_Name,Address,Age,Gender,Rehabilitation,log_count,com_count,avg_loading,sum_duration
1,Jane,Bruen,"5272 Adela Overpass Suite 982
Rozellachester, MA 14374",28,1,2,5,5,2611.97,70.8
2,Eliseo,Trantow,"2506 Mertz Inlet
South Ezekielshire, OK 56215",12,1,1,1,2,4931.2,4.1
3,Oceane,Walter,"9469 Frank Orchard Apt. 685
Lake Irmastad, ID 72714-2760",64,1,2,7,3,2610.35,59.9
4,Zack,Marvin,"982 Susan Manors
Port Amiya, UT 97043-2723",38,1,1,9,8,2727.02,212.3
5,Marco,Kessler,"671 Troy Isle Suite 459
New Carriemouth, OK 61216",28,1,1,4,7,4054.3,14.6
6,Buford,Gleichner,"0993 Hegmann Streets
Cristianview, OH 08101",70,1,1,3,4,2784.65,62
7,Rosie,Kshlerin,"74397 Ritchie Fort Apt. 512
West Raina, WI 06489-4197",60,1,1,3,1,2564.03,76.5
8,Kristopher,Toy,"8288 Bo Groves Apt. 830
Port Mosefort, NJ 68398-7737",65,2,2,5,4,2929.89,105.7
9,Deondre,Blanda,"41790 Hessel Drives
West Darwinburgh, TN 78572",73,2,2,8,7,2637.66,143.9
10,Kole,Willms,"2979 Christelle Rue Suite 339
Oceaneville, TN 94287-0436",72,1,1,1,5,3290.52,37.8
11,Ismael,Bartoletti,"640 Jerry Mills
South Ervin, IN 96693",78,1,1,4,3,3076.06,80.4
12,Constantin,Lind,"2764 Mae Rapid Apt. 326
Lake Augusta, NY 07293-7023",43,1,1,5,4,2507.26,75.3
13,Wilburn,Schneider,"39435 Leatha Stream Suite 351
Trinityhaven, MA 00820-4498",24,1,1,7,5,2245.8,135.6
14,Presley,Rogahn,"478 Keven Isle
Litzyfort, HI 08272-8020",50,1,2,9,2,2527.75,120.6
15,Nelda,Farrell,"51678 Diamond Squares
O'Harashire, SD 42801",21,2,2,4,7,2300.22,107.5
16,Talia,McCullough,"646 Schimmel Junctions
Arjunburgh, NY 06380-5230",78,2,2,9,8,2185.72,176.8
17,Scotty,Heaney,"457 Sven Valleys
Monicachester, NE 42037",23,2,1,5,5,2650.66,43.8
18,Lavon,Hansen,"666 Alfreda Parkways Apt. 700
Krisfort, MD 68747",16,2,1,2,5,1601.41,43.4
19,Johnathon,Predovic,"5329 Norberto Islands Suite 340
Bechtelarhaven, VT 40646",51,2,1,9,6,2684.7,110.6
20,Murray,Waters,"104 Rippin Plains Apt. 037
South London, AZ 92044",75,1,1,7,3,2694.2,152.4
21,Perry,Zulauf,"8253 Misael Ports
North Ronny, MT 75336",53,1,1,5,8,2967.26,84
22,Green,Metz,"505 O'Kon Estates Apt. 000
Raphaellemouth, WY 67511-3135",64,1,2,3,4,2030.49,61.5
23,Royal,Bahringer,"8334 Precious Mall
Denaview, NC 67991",81,1,1,4,5,2323.94,78
24,Alec,Stroman,"5024 Jordi Passage
Maeganview, VT 17900-6595",71,1,1,7,7,2770.39,89.2
25,Wilburn,Spinka,"78456 Schoen Way
North Norrisstad, WY 80355",29,2,1,6,4,2741.63,106.2
26,Ellsworth,Boyle,"519 Nader Square
Queeniefurt, FL 37941",12,1,1,3,5,3076.58,59.9
27,Simone,Hermann,"55871 Grady Views
New Horace, AL 26489",57,2,2,6,9,2801.05,77.5
28,Barney,Hahn,"858 Grimes Mountain
New Rosamond, HI 27867",61,1,1,4,6,2540.12,75.8
29,Ari,Roob,"83351 Will Lane Apt. 334
Juliusside, AR 03473-5869",82,1,2,6,6,2511.27,93
30,Janae,Adams,"735 McDermott Row
Matildeland, CT 28480",53,2,2,8,4,2690.1,122
31,Judd,White,"719 Kaya Walks
West Keira, SD 12940",68,2,1,5,3,2518.25,106.3
32,Gia,Pfeffer,"1951 Jammie Green Apt. 725
New Cathrine, NM 06637-8914",47,2,1,6,4,2817.73,92.3
33,Odessa,Herzog,"995 Hermann Park
Isadoremouth, RI 11240",88,2,1,5,5,2550.8,57.3
34,Hector,Zulauf,"5487 Considine Skyway
South Aubree, TN 02066",72,1,2,6,7,2408.96,136.8
35,Cooper,Torp,"286 Thea Branch Apt. 678
Ankundington, ME 68589-1410",57,1,1,3,5,2863.2,14.2
36,Jewel,Gorczany,"398 Gutkowski Drive Suite 523
Marshallside, MD 44112",46,1,1,8,8,2234.33,124
37,Fay,Schaden,"437 Roslyn Haven Suite 909
New Jalon, IA 41944-9690",34,1,1,1,3,685.7,4.8
38,Skylar,Yundt,"1800 Murphy Forges Suite 543
Schummberg, SD 98665-0154",85,1,1,2,6,1762.37,21.2
39,Catharine,McGlynn,"05502 Bernice Field
Port Gerhard, AK 03263-6000",31,2,2,2,6,3192.26,30.8
40,Gardner,Swaniawski,"33539 Holden Trail Apt. 696
Jastville, MO 37046",44,1,2,2,4,1944.5,20
41,Berry,Spencer,"446 Erdman Ridges Apt. 100
North Clementina, SD 86239-8523",90,1,2,5,4,2926.2,78.8
42,Presley,Hoeger,"36146 Zion Isle Suite 521
Florenceburgh, WI 79896-9253",18,2,1,5,3,3099.95,80.8
43,Easter,Dare,"371 Granville Spring
Consueloshire, HI 03107-2820",74,2,2,8,7,2914.22,164
44,Sanford,Howell,"6867 Suzanne Roads
Jerrellshire, CT 36716",16,2,1,2,3,2772.99,50.2
45,Cecelia,Gleason,"93350 Matilda Heights Apt. 222
New Jarrett, RI 62733",49,2,1,4,5,2513.56,56.8
46,Eleanore,Kutch,"9673 Reichert Curve
Melynamouth, MO 99749",78,2,1,6,2,2553.42,114.6
47,Allie,Hammes,"593 Williamson Springs Suite 840
West Violet, NV 79634-6381",33,2,2,4,9,2234.29,73.3
48,Art,Sanford,"71609 Aufderhar Parks
East Kaylah, FL 69256",14,1,2,6,4,2257.48,85.4
49,Kadin,Kihn,"22780 Dessie Court Apt. 335
New Bradlyborough, DE 67243-1431",36,1,2,2,8,2642.19,32.7
50,Quinton,Rodriguez,"84335 Yundt Extensions
New Norwoodborough, ID 68015",51,1,1,6,5,2253.74,172.6
51,Lexie,Denesik,"5444 Hahn Lodge
D'Amorechester, MO 50558",85,2,2,3,9,3527.36,58.1
52,Alex,Hermiston,"1738 Lueilwitz Mall
Cordeliaborough, NM 53184",20,2,2,6,4,3042.21,98.1
53,Letha,Bergstrom,"9589 Gutkowski Lock
Emmittberg, NE 48679",75,2,2,2,2,2969.72,28.9
54,Reese,Thiel,"49524 Karli Avenue Apt. 689
West Brain, NE 20714",54,2,2,4,1,2374.13,47.8
55,Donnell,Cronin,"922 Julius Mall
Auerview, CA 32391",31,1,1,8,5,2986.53,111.1
56,Zane,Sipes,"32478 Watsica Union
Gottliebborough, IN 16768",37,1,2,3,6,2018.93,66.2
57,Jadon,Altenwerth,"38668 Cruickshank Throughway
South Baylee, SD 02189",25,2,2,6,7,3052.25,104.7
58,Bertrand,Quigley,"5125 Peggie Prairie Apt. 512
East Buster, AK 99223-5764",67,1,1,7,4,2928.25,99.5
59,Morris,Johnston,"72773 Fae Passage
New Elwyntown, MI 00656",77,1,2,3,2,2788.57,29.1
60,Cary,Bergstrom,"33827 Hintz Meadow
Moorefort, VA 88145",19,2,2,7,7,2352.72,113.5
61,Vilma,Tromp,"69130 Freida Cliff
Jayfort, NY 68399",49,1,1,3,4,2471.48,16.5
62,Cary,Deckow,"1911 Marlee Stravenue Suite 981
Brayanchester, MI 17257",64,2,1,4,6,2524.25,87.9
63,Destiny,Bradtke,"9175 Estelle Wells Suite 663
Nolanberg, AK 61495-0730",26,2,2,4,4,2212.63,78.4
64,Gonzalo,Streich,"7320 Christina Mall
Hagenesmouth, WV 54198",72,2,1,5,7,2684.82,123.1
65,Jenifer,Hane,"4563 O'Connell Glen Suite 479
Nelsonmouth, MT 85432-2937",58,1,2,5,9,1819.72,111
66,Whitney,Dickinson,"4074 Blair Freeway Suite 212
Reneeland, VA 53404",47,2,1,6,7,1989.9,120.6
67,Kira,Kuhic,"6252 Ayla Lake
Gloverview, RI 66884",85,1,1,7,7,2321.11,110.6
68,Adaline,Kozey,"4215 Batz Greens
Labadiehaven, OH 74304",21,2,1,2,4,3023.58,47
69,Nicolette,Mertz,"19707 Kenya Centers Suite 246
Josephineborough, NC 92789",89,2,1,9,7,2615.14,117
70,Kathryn,Dickinson,"5605 Kevin Circle
North Ari, HI 36934-9898",59,1,2,3,7,2216.13,63.5
71,Roxanne,Klocko,"419 Jacobs Lane Suite 561
Marquardtstad, ME 94862-4308",68,1,2,9,11,2334.95,190.8
72,Makayla,Flatley,"99920 Luz Radial Suite 970
East Kenyonhaven, MN 88749-9749",81,2,2,4,1,2931.69,51.2
73,Anahi,Ward,"95963 Mayer Mountains Suite 082
Rempelhaven, MN 33434",56,1,1,2,6,1887.86,40.7
74,Manuela,Upton,"7921 Rice Highway Apt. 127
Zemlakhaven, IN 56645",16,1,2,3,5,2870.83,54.9
75,Bradly,Schoen,"41284 West Trace
Lake Elishaburgh, IA 20436",53,1,1,4,2,1920.83,54.5
76,Naomi,Sipes,"1203 Gerda Parkway Suite 355
Port Christyville, IN 08396-9348",22,1,1,2,5,1824.43,59.7
77,Bryana,Lubowitz,"8899 Micheal Fords
Lewisview, MO 12473",44,1,1,7,3,2019.69,138.7
78,Savion,Deckow,"747 Rath Pass
East Karsonport, OH 14521",55,1,1,1,9,NULL,NULL
79,Elza,Grady,"795 Schmidt Inlet
Friesentown, AK 67078-5448",55,2,2,3,5,2264.81,49.8
80,Roselyn,Cormier,"797 Solon Extension
Daughertyfort, MS 61825-9788",61,1,1,4,9,2726.34,60
81,Taylor,Wisoky,"34793 Mose Brook
Murphyland, OH 66965",12,1,1,7,6,2575.8,110.9
82,Verlie,Moore,"686 Joannie Flats Suite 015
North Royce, SC 65664",12,2,2,4,1,2778.02,110.1
83,Raheem,Heathcote,"92551 Lottie Brooks Suite 620
North Urielfurt, MD 62777-6980",71,1,2,6,7,2266.44,90.9
84,Dixie,Pouros,"6613 Josiane Turnpike
Emmerichtown, WY 14088",27,1,2,2,5,2914.87,35.6
85,Estell,Herzog,"61433 Von Glen Suite 666
New Jovani, FL 51433",27,1,1,1,3,2783.93,15
86,Osbaldo,Weimann,"49311 Powlowski Hollow
East Abelardo, MA 58770-5151",37,2,1,3,7,2780.87,42.8
87,Fritz,Weimann,"15673 Collins Plain Suite 725
New Jaydon, MT 63473-5118",38,2,1,7,4,2124.19,119.5
88,Roxanne,Deckow,"952 Lubowitz Unions
Kubburgh, IN 62378",24,1,1,5,5,2970.82,93.4
89,Maribel,Prosacco,"6586 Prohaska Rapids
Lisandroburgh, NM 60030-3013",25,1,2,4,5,2192.8,75.8
90,Ashtyn,Maggio,"1148 Ansel Mountains
Port Adolphus, FL 56954",37,2,1,5,4,2645.96,50.9
91,Leta,Bashirian,"27986 Helga River
North Bessieport, LA 27361",27,2,2,10,3,2132.7,142.2
92,Eileen,Crona,"568 Green Heights
Lake Jace, IA 83649-4554",74,1,1,2,3,1628.54,23.8
93,Kallie,Bode,"22640 Garett Locks Apt. 054
South Hilmachester, WI 35228",28,2,2,4,6,2042.97,67
94,Dax,Schumm,"6788 Etha Streets
Hicklefurt, WY 73134",68,1,1,7,8,2486.62,124.1
95,Milton,Bins,"061 Aron Ferry
Lake Diamondshire, NH 62453-7786",37,2,1,4,6,2684.97,40.6
96,Cheyanne,Skiles,"1785 Kemmer Well Suite 117
South Milofurt, AZ 56494-4335",75,2,1,3,2,2418.73,93.6
97,Humberto,Hegmann,"925 Libbie Street
Okunevaside, CT 44691",70,2,1,5,4,2146.8,69.3
98,Zoe,Daugherty,"965 Heaney Shore Suite 493
Andersonfort, CT 31879-6440",15,1,1,3,5,2491.16,52.8
99,Chasity,Hermiston,"9094 Luella Drive
Micahchester, MI 40544",64,2,2,5,4,2726.38,82.3
100,Eliseo,Zulauf,"744 Klein Lock Suite 765
Stantonbury, TN 91335-9953",78,2,2,1,4,NULL,NULL
101,Jerry,Schaden,"415 Vivianne Run Suite 233
Hickleport, VT 52083",61,2,2,7,4,2081.03,114.7
102,Grant,Deckow,"628 Preston Villages
Yadirahaven, MN 41096",22,2,1,7,4,2554.35,109.3
103,Colby,Howe,"49332 Hammes Groves
Claudeside, UT 07999-0973",47,1,2,5,1,2635.29,83.8
104,Felton,Hudson,"405 Jaylin Shoal Suite 071
Port Macie, OR 53626",18,1,1,4,6,2380.93,82.1
105,Jamir,Satterfield,"42644 Altenwerth Pines Suite 712
Weimannside, CA 29160",24,1,1,3,2,2457.7,57.8
106,Maximillian,Nader,"4116 Tanner Camp
North Ludwig, GA 20142",33,1,1,1,6,NULL,NULL
107,Suzanne,Waters,"07506 Lubowitz Coves
West Noemie, MS 54525-7351",57,1,1,8,3,2579,89.9
108,Garfield,Torp,"02589 Litzy Junction
Framihaven, NE 21978",68,2,1,4,2,2856,82.4
109,Adalberto,McLaughlin,"30496 Bernhard Parks Apt. 045
Laurynberg, AR 73918-6215",13,1,2,3,3,1821.18,26.5
110,Roxane,Sipes,"2250 Albert Plaza
Priceshire, OK 85743-7091",49,2,2,4,3,2698.35,115.2
111,Ronaldo,Hamill,"822 Ebert Parks Suite 738
New Domenic, AK 88526-2280",82,1,1,7,5,1892.74,84.1
112,Selmer,Swift,"129 Blanda Knoll Apt. 475
New Sandytown, SC 83516-9469",19,1,2,2,3,1560.83,39.2
113,Vincent,Bode,"194 Dicki Mountains Apt. 427
Port Beth, AK 11156",88,2,1,4,2,2375.04,75.6
114,Geo,Hayes,"376 Gloria Center
New Cheyanne, FL 36911",53,1,2,5,1,2533.26,84.3
115,Philip,Rutherford,"75597 O'Reilly Garden
Welchland, CO 33234",28,2,2,6,10,1698.4,71.7
116,Jasper,Ruecker,"248 Elisa Wells Suite 304
Xaviermouth, TX 91601",45,2,2,6,8,2659.23,89.3
117,Gregory,Ondricka,"828 Bergnaum Station
West Kristastad, DE 45655-1955",75,1,1,5,5,2762.01,62.7
118,Otha,Toy,"708 Lemke Mill Suite 883
Darrelport, NJ 77420",73,1,1,6,2,2789.8,116.9
119,Thelma,Parisian,"427 Zieme Estates Suite 052
Buckridgeburgh, ME 41092-1815",55,1,1,10,9,2657.71,206.4
120,Samson,Stanton,"6187 Darwin Square Suite 387
South Jaycee, PA 21639",34,1,2,4,4,3038.49,35
121,Jocelyn,Kassulke,"41872 Aimee Key
Devanteburgh, WA 57661-5615",62,1,1,4,7,2320.61,61.7
122,Trycia,Monahan,"701 Cremin Land Suite 279
Lake Claude, AZ 63705",56,1,2,6,9,2208.93,165.9
123,Jacklyn,Lemke,"1811 Brekke Forges Suite 330
Lake Davidshire, PA 65664-9471",62,1,2,6,6,3019.11,77.4
124,Ardella,Predovic,"3993 Hauck Fields Apt. 927
South Abagail, AR 99625",70,2,2,4,2,2230.08,71.6
125,Hayden,Durgan,"320 Kautzer Trafficway Suite 815
East Monserrate, NY 03114",15,2,2,8,4,2146.86,187
126,Hollis,Gottlieb,"69726 Van Unions
New Laurianne, ME 18303-5425",59,2,1,3,4,2828.87,40.2
127,Emilie,Cremin,"02560 Macejkovic Prairie
Malikaborough, VA 36724-3653",16,1,2,5,6,2285.55,38.8
128,Danielle,Bernier,"658 Armstrong Manors
Port Dominic, AK 47171",34,1,1,6,4,2744.79,70.8
129,Adrien,Hauck,"9443 Keeling Club
Emiliaside, KS 26660-4147",46,2,1,6,5,2434.92,133.8
130,Constantin,Armstrong,"131 Chaya Cove Apt. 525
Erickhaven, WY 50152",68,2,1,5,3,2235.45,76
131,Ola,Jaskolski,"92943 Schneider Forks
New Adrianville, NE 78138-6205",42,2,1,6,6,2207.94,102.8
132,Sebastian,Lakin,"56328 Trey Burg
Kuphalside, IN 98528",53,1,1,7,7,2634.12,98.1
133,Duncan,Corkery,"038 Blick Squares
Joannyberg, AL 87075-3169",49,2,2,5,7,2818.03,66.3
134,Krystel,Smith,"63125 Howe Union Apt. 770
Schroederville, LA 43610-3823",38,1,1,5,4,2462.51,87.1
135,Duncan,Nader,"3139 Reynolds Prairie
New Zolaview, NY 12654-2709",85,2,1,3,5,2378.08,50.4
136,Ayla,Ratke,"034 Kohler Grove
West Cameronmouth, OH 52911",88,2,1,3,6,2745.37,52.1
137,Nigel,Williamson,"7301 Kaylee Mountain Apt. 208
Lake Timothy, PA 01381-2920",77,2,2,11,4,2460.11,202.4
138,Hollis,Pfannerstill,"313 Alfred Estate Suite 874
Williamsonview, TX 44862",41,2,2,4,5,2936.37,56.3
139,Hayley,Grady,"599 Delia Ways
South Rosa, SC 52061-3676",54,1,2,5,10,3155.27,44.5
140,Marian,Cormier,"428 Wisoky Circles
Weissnatburgh, DE 04000",25,2,1,4,3,2814.4,55.7
141,Caleb,Berge,"47433 Kenyatta Villages
Lake Brockport, NV 74245",73,1,1,4,6,2844.09,60.9
142,Ralph,Funk,"7736 Wellington Flat Suite 381
Anabellebury, WA 57712",71,2,2,1,5,28.5,8.8
143,Chauncey,Kirlin,"480 White Light
Lloydville, ND 64519-1198",68,1,2,5,4,2913.22,89.6
144,Marcelo,Rau,"608 Lionel Glens
East Emilyberg, CT 76786-2289",41,1,2,4,7,2639.89,99.3
145,Wellington,Pagac,"19013 Samara Fort
West Antoneport, MA 53685",61,2,1,7,4,2051.32,128.5
146,Arno,West,"70711 Dach Road
New Sallytown, VT 55886-7502",46,1,1,2,2,2366.33,46.2
147,Dejon,Cole,"9336 Konopelski Mall Suite 452
O'Haraburgh, GA 59346",47,1,2,7,3,2261.11,95.7
148,Kevin,Stamm,"868 Nitzsche Ridge Suite 679
Minamouth, WY 79607-8951",61,1,2,3,3,2587.87,26.2
149,Lily,Sporer,"8884 Urban Tunnel
Nienowport, IA 23008",63,1,1,3,10,2789.22,56.9
150,Keegan,Ritchie,"79447 Tracey Forges Suite 939
North Alanis, NE 04706",41,2,1,1,3,1673.13,8.5
151,Edgardo,Breitenberg,"094 Jerde Club Apt. 830
Dameontown, WV 97384-4675",19,1,2,5,11,2794.23,91
152,Herminio,Hamill,"088 Little Spur Apt. 241
Hyattfurt, CA 21512",43,2,2,8,2,2048.84,97.2
153,Reta,Schulist,"5888 Walsh Throughway
West Mathewhaven, FL 43905-7752",71,1,2,3,5,2595.8,59.5
154,Kip,Heaney,"314 Schinner Crossroad Suite 382
Toneyberg, CT 38442",46,2,1,5,1,2494.15,118.4
155,Ruben,Bradtke,"4218 Lavon Gateway
Stammmouth, RI 71928-9566",90,1,1,10,5,2515.92,139.3
156,Julius,Schneider,"09354 Parker Path
Yostport, AR 92337-9503",50,2,1,8,6,2054.17,79.7
157,Deontae,Kunze,"58720 Morar Points
Minahaven, NM 18836-0355",39,1,2,1,1,1484.2,17.7
158,Marco,Frami,"11958 Angeline Islands
Ornfurt, DC 70447-0365",87,2,2,9,6,2607.57,151.7
159,Leonard,Barrows,"3905 Eric Common Apt. 108
Lake Virginie, UT 93663",47,1,2,3,4,2272.98,35.9
160,Cassandra,Robel,"20064 Leannon Ridge Suite 680
South Justice, LA 63650",28,2,2,4,1,2260.28,93.8
161,Cassandra,Dietrich,"887 Greenfelder Curve Apt. 367
Heathcoteberg, MS 36674-6378",20,1,1,3,7,2568.38,47.3
162,Gregory,Bins,"4505 Hoeger Walk
Anastaciomouth, NE 63729-8763",45,2,2,7,6,2456,139
163,Cody,Skiles,"334 Skiles Center
Port Elenorastad, CO 86344",55,1,1,4,5,2915.31,54.4
164,Loma,Kuhic,"266 Gottlieb Prairie Suite 090
Jammietown, MN 89921-1983",22,2,2,6,3,2373.2,122.4
165,Stacey,Brown,"81063 Flatley Rest
Collinsberg, NV 61028",41,1,1,5,6,2967.97,98.9
166,Prince,Stracke,"7665 Roob Light Apt. 304
Port Lambertfurt, UT 07574-5400",64,2,2,2,2,3100.5,30.1
167,Jeanie,Shields,"758 Kayley Way
Schuppebury, GA 60924",81,2,1,3,3,2736.62,49.8
168,Emmet,Prosacco,"2128 Trycia Plaza
East Donald, KY 14438",14,1,2,2,3,1872.47,16.7
169,Kendall,Friesen,"2568 Brock Springs Suite 820
East Dorothea, ME 17246-7942",46,2,1,3,3,2889.42,63.4
170,Ruben,Powlowski,"474 Jaylin Run
Sidton, RI 55430",56,1,2,2,4,3316.4,27.4
171,Oliver,Mayert,"7847 Bailey View Apt. 938
Abrahamchester, HI 22656-2005",33,2,2,7,8,2520.43,160.1
172,Birdie,Langosh,"06162 Wiza Valleys Suite 105
Ravenview, MT 16426-0577",69,2,1,7,1,2750.69,139.3
173,Chadrick,Flatley,"330 Kylie Rest Apt. 234
Lake Hiramstad, DC 54262-3530",75,2,2,3,6,2583.12,32.7
174,Anabelle,Blanda,"534 Green Field Suite 061
Port Toyville, WI 25544-0333",45,2,1,5,5,2567.09,70.4
175,Tyrique,Ullrich,"945 Ritchie Roads Apt. 028
Adamsshire, NJ 39219",87,2,2,4,6,2675.43,73.8
176,Guadalupe,Waters,"90002 Scarlett Extension
Port Monroe, AR 37748",66,2,2,4,3,2985.39,97.4
177,Laron,Nitzsche,"8885 Carolina Pines Apt. 153
New Katherinetown, SD 83313",16,1,1,4,7,2834.44,45.6
178,Jamie,Roberts,"871 Grant Haven
Kossfurt, NM 50115",25,2,1,8,6,2364.56,147.4
179,Trinity,Cummings,"616 Labadie Locks Suite 207
Brentland, WV 35747",33,2,1,4,6,2652.25,42.3
180,Carissa,Smith,"97026 Welch Gardens
Lake Arjun, AZ 99224-6563",27,1,1,6,6,3375.52,58
181,Adelia,Shields,"496 Ullrich Stravenue Suite 758
Schambergerstad, LA 93287-4712",83,2,2,6,5,2644.98,103.1
182,Ayla,Walter,"74833 Antwan Throughway
West Alphonso, MA 22442-0351",17,2,1,4,3,2056.68,79.2
183,Wyman,Stamm,"8817 Anna Burgs Suite 491
East Taylor, GA 26722-2665",47,1,2,6,8,2225.49,84.7
184,Jovany,Bergnaum,"031 Henri Cliff
Satterfieldhaven, WY 83025",42,2,2,2,8,2357.47,25.1
185,Rene,Goyette,"44646 Pablo Terrace
North Kaelaview, AL 34435-7119",84,2,2,7,5,2388.37,127.8
186,Paula,Kreiger,"64427 Kelly Turnpike Apt. 353
East Cheyannebury, WV 11947-5353",85,1,2,4,5,1967.6,86.7
187,Nora,Abernathy,"112 Conroy Rue
Stiedemannfurt, IA 03778",36,1,2,5,9,2498.61,98.1
188,Furman,Hermiston,"0218 Davis Neck
Kingbury, VT 66318-9784",40,2,1,2,7,2629.62,26.7
189,Annetta,Jenkins,"7786 Howell Route
East Declanhaven, ND 89525-3380",80,1,1,5,5,2807.81,130.7
190,Sally,Brakus,"31193 Grimes Drive Suite 183
Deckowfurt, VT 02235",83,2,2,10,10,2601.81,143
191,Teagan,Hauck,"67380 Jeanne Inlet
Deshaunborough, NH 97994",32,1,1,6,5,2482.48,118
192,Susana,Russel,"7074 Wehner Camp
Kihnbury, IL 32049-7272",32,2,2,4,5,3491.44,88.2
193,Rodolfo,Wiegand,"2254 Fay Flats
Fritzstad, MI 95843",64,1,1,5,5,2918.7,124.9
194,George,Jones,"27488 Hyatt Heights Apt. 843
Port Nathenshire, AL 50848",14,2,2,5,7,2546.04,68.4
195,Cesar,Trantow,"9869 Willa Cape Apt. 601
Katelinville, FL 92527-8189",53,1,1,6,3,2859.91,54.2
196,Destany,Thompson,"4668 Marta Mill Suite 430
Angelicatown, DC 50766",24,1,1,5,6,1771.4,52
197,Hettie,Schumm,"53683 Abel Brook
Baileyshire, TX 58985-3866",26,1,1,4,9,2605.45,91.4
198,Vicky,Stiedemann,"0419 Micheal Springs Apt. 318
West Georgeburgh, GA 51794",90,1,2,3,3,2932.15,33
199,Waldo,Kling,"4034 Hermiston Port Apt. 403
North Bradport, OK 18602-7868",42,2,2,6,8,2625.25,110.3
200,Nettie,Klein,"3716 Cathryn Brook
East Santina, NY 38992-6604",12,1,1,2,4,2973.72,29.8
201,Kelley,Heathcote,"477 Romaguera Street
Jorgeshire, OH 87625",25,2,2,6,10,2975.59,139.1
202,Alexandria,Langworth,"1190 Green Viaduct
East Loyceland, KS 17883",58,2,2,3,5,2519.84,41
203,Antonio,Hegmann,"836 Nicholas Orchard Apt. 139
Huelsstad, NC 61467-7195",60,1,1,5,5,2948.45,81.3
204,Faustino,Rippin,"6608 Corbin Shoal
East Alicehaven, OH 69599-2104",52,1,1,2,5,618.5,18.4
205,Octavia,Gleichner,"5458 Hyatt Expressway Suite 264
South Jennie, OK 59337-6201",42,2,2,6,3,2025.32,65.1
206,Nya,Witting,"064 Janiya Road
West Alberthamouth, DE 48009",45,1,1,5,3,2849.45,89.8
207,Ruby,Runolfsdottir,"4712 Rhiannon Glen
Bogantown, MT 63250-4817",34,2,2,4,5,2956.67,65.3
208,Marcella,Harris,"94475 Coy Pike
Rautown, AZ 97215",26,2,2,7,4,2397.02,105.6
209,Carley,Muller,"500 Joaquin Burgs Suite 910
East Peter, TX 25536",26,1,1,3,3,2179.67,82.3
210,Lizzie,Rempel,"0359 Evie Stream Apt. 113
Lake Janie, KY 97572",67,2,1,3,6,2221.32,48.5
211,Imogene,Mohr,"0061 Rolfson Locks Suite 863
Laishafort, SD 94587-0141",67,2,1,7,13,2576.3,126.5
212,Trevor,Monahan,"021 Haley Radial Apt. 655
Gregoryfurt, MO 46927",24,2,1,8,6,2486.22,186
213,Adeline,Marvin,"0742 Samanta Points
Durganchester, AK 76001-1351",14,1,2,5,2,2565.28,62.2
214,Hester,Bailey,"3733 Delia Plaza Apt. 826
Alizabury, MS 24519",18,1,1,2,5,2649.34,30.7
215,Afton,Stiedemann,"2986 Makenna Cove Suite 525
Berniecechester, CT 35545-5609",70,1,1,3,9,1717.2,50.1
216,Enos,Maggio,"36294 Bartholome Estates Suite 313
West Rene, IA 03453",52,1,2,8,7,2382.12,149.8
217,Dillan,Sporer,"5709 Kerluke Walk Suite 445
East Reyna, VT 03598-6667",66,1,2,5,4,2873.43,75.2
218,Chandler,Bartoletti,"080 Liliana Cliffs
North Dollymouth, WV 63623",85,2,2,5,6,1663.04,85.6
219,Marcella,Olson,"280 Nannie Port
Jefffort, OK 89293",27,2,2,2,2,2113.16,22.3
220,Jonathon,Steuber,"1959 Kihn Row Apt. 518
Sanfordborough, IL 39522-3108",89,1,2,6,9,2574.26,97.5
221,Valentine,Kessler,"02592 Leuschke Run
East Lessie, MI 72014",29,1,1,4,5,3027.83,87.4
222,Nelle,Shields,"1151 Violette Ridge
Hauckfort, WA 32392-6757",33,1,1,3,5,2897.75,57.6
223,Patricia,VonRueden,"823 Jeffery Villages Suite 059
New Margret, DE 76492",62,2,1,5,6,2151.29,106.4
224,Marcelle,Frami,"0540 Vince Court Suite 507
North Burley, MA 03220-2091",14,1,1,4,4,2645.35,85.9
225,Graham,Hermiston,"0109 Ora Roads
Tillmanton, TN 79387-8903",72,2,1,5,7,3287.87,98.3
226,Donnell,Shanahan,"5431 Considine Haven
East Gracie, IA 66145",15,2,2,5,8,3172.81,30.6
227,Frederic,Maggio,"2652 Howell Squares
Okunevaborough, WI 51674-4284",69,2,1,7,2,3215.74,84.5
228,Wellington,Lebsack,"2131 Batz Stream
West Ellafurt, MA 59167",29,2,2,4,8,2242.02,77.3
229,Lacey,Miller,"196 Kuhn Keys Apt. 579
Haleytown, WV 34682",58,1,2,4,5,2079.45,119.8
230,Fiona,Wisozk,"4281 Ivy Estate
Port Vernachester, TX 13399-6295",73,2,1,5,1,2742.26,62
231,Isaac,Jenkins,"0374 Raquel Centers Suite 844
Lake Moshemouth, MD 50422",40,1,1,4,6,1893.32,25
232,Trevion,Cremin,"752 Heller Rapids
Port Abigayleshire, IA 14133-0669",51,2,2,5,5,2589.08,77.6
233,Rafaela,Douglas,"3915 Leannon Avenue
Port Franzport, ID 53358-4728",83,1,2,5,3,2457.07,89.2
234,Lola,VonRueden,"371 Baumbach Falls Apt. 337
North Tessiefurt, ID 59070-3859",14,1,1,4,10,2965.59,43.7
235,Chasity,Tromp,"2393 Ernser Expressway Suite 002
West Kellen, SC 33064",71,2,1,3,1,2119.08,20.9
236,Jamar,O'Conner,"38052 Johnston Trail
North Jeffrymouth, KS 66898",29,2,2,8,5,2978.62,132
237,Arnulfo,Bogan,"9407 Marquardt Haven
South Marcelina, CO 06542",25,1,2,6,3,2763.15,103
238,Nicolas,Littel,"885 Sonny Flats Suite 823
Russelton, MS 22342-2655",84,1,1,2,2,3139.23,22.6
239,Ciara,Kutch,"23063 Mariane Knoll
Schultzfurt, DC 72297-5260",17,1,1,4,2,2119.01,38
240,Oleta,Bashirian,"328 Nader Groves Suite 352
East Mazie, CO 57430",47,1,1,5,7,2960.64,89.3
241,Jade,Mueller,"649 O'Reilly Forks Apt. 254
South Sarah, RI 75625",75,2,1,2,5,1906.38,26.4
242,Elaina,Boehm,"889 Spencer Run
South Barton, KS 40521",77,2,2,1,6,NULL,NULL
243,Eugene,Wiza,"358 Parisian Grove Apt. 310
Ericside, NJ 37214-5258",76,2,1,4,5,2712.76,65.4
244,Joel,Schulist,"7537 Swaniawski Streets Suite 908
Lake Gerardo, UT 50691-2230",50,2,2,5,1,2162.69,81.4
245,Shyanne,Doyle,"622 Rolfson Summit Suite 199
Lindberg, DC 18622-3669",60,1,2,9,4,2722.47,178.7
246,Loren,Connelly,"31675 Quigley Divide
Port Tillmanmouth, OH 29656",84,2,2,6,4,2371.86,78
247,Shemar,Aufderhar,"22669 Lebsack Motorway
Lake Jon, MA 00218-6362",76,2,1,4,5,1432.31,37.1
248,Eliza,Pagac,"57970 Rolfson Mountain Suite 654
Casimirside, NY 57850",35,2,2,6,4,2908.49,105.5
249,Pansy,Klein,"01581 Harris Causeway Apt. 589
Port Graciela, DE 19354-9366",54,2,1,5,5,2407.26,69.8
250,Jennie,Ruecker,"0961 Adrian Spur Apt. 571
Ciarabury, RI 83611",88,2,1,6,8,2282.31,82.5
251,Katlynn,Douglas,"07946 Rice Rest
Schinnerview, VA 62162",48,2,1,4,2,2346.73,93.7
252,Talia,Hermiston,"640 Gerhold Drive
Port Cierra, GA 98144-4882",51,2,2,6,6,2717.87,97.1
253,Edgar,Schaefer,"052 Alessandra Course
Mooreton, CO 80913",89,2,2,5,5,3108.64,79.8
254,Carley,Metz,"19430 Hector Falls
Port Maynard, AZ 00532",48,1,2,4,4,1580.91,60.6
255,Travon,Pacocha,"1094 Carmella Corners
North Gina, NE 42836",86,1,2,13,4,2559.81,160.6
256,Susan,Wisoky,"85237 Lupe Camp
Baumbachburgh, IN 67436-0502",32,1,2,7,5,2708.46,84.9
257,Dena,Borer,"695 Arnulfo Junctions
Olivershire, ND 04295-5697",25,1,1,5,5,2235.06,76.3
258,Magdalen,Purdy,"0295 Golden Heights
Benniechester, ME 93268",49,1,1,7,5,2697.02,70.9
259,Myrtie,Walker,"08785 Davis Spurs Suite 033
Helgafort, DC 70141",90,1,2,5,5,2657.24,91.7
260,Dawson,Beier,"6449 Schowalter Squares
Lake Nedshire, CO 71452",83,2,1,6,3,2365.12,71.6
261,Devon,Zieme,"2132 Allen Groves Apt. 491
North Isidro, MS 77689-9152",44,1,2,4,1,2387.98,70.5
262,Opal,Balistreri,"11007 Breitenberg Court
Cristland, NH 14624-5519",37,1,2,3,2,2275.95,55.2
263,Allen,O'Keefe,"45427 Emelie Lodge Suite 148
Kunzeview, MD 03209-3794",22,2,1,4,6,1929.77,76.5
264,Birdie,Sanford,"2981 McKenzie River
Faheyside, AL 55899",69,1,2,1,3,3854.2,5.9
265,Missouri,Kling,"713 Huel Run
Nicolasview, ME 55905",54,2,2,7,9,2224.84,108.4
266,Donato,Hoppe,"02287 Blick Circle Suite 381
South Zena, IN 91673-5068",78,1,1,3,4,2284.33,63.5
267,Sabryna,Zboncak,"40894 Clementine Divide Apt. 133
Milanmouth, DC 65246",54,1,1,6,6,2257.96,70.6
268,Leonor,VonRueden,"8156 Barrows Orchard
East Fidel, TN 41951",42,1,1,5,5,2210.36,81.3
269,Jayme,Thompson,"0186 Reilly Junction
South Bryana, KY 27796",12,1,2,4,4,2679.41,80.7
270,Kailey,Wunsch,"6135 Jenkins Summit Suite 905
North Nicklausfort, OR 86598",30,2,2,4,7,2632.2,68.7
271,Bennett,Leannon,"4947 Derrick Ramp
Dickinsonfort, ND 02697-3795",73,2,2,4,5,2873.47,66.7
272,Rocio,Schmitt,"84292 Lexus Park
West Ruby, IN 63177",78,1,1,4,4,2139.41,87.2
273,Roma,Gislason,"043 Hirthe Pine Suite 704
Hettingerton, PA 70897",40,2,2,4,6,1927.14,105.2
274,Brad,Williamson,"26893 Leuschke Squares Suite 760
Malindabury, SC 83808-5247",26,2,1,3,4,2301.79,51.4
275,Evalyn,Donnelly,"91369 Garett Park
New Noemie, TN 84177",67,1,1,6,4,2181.79,75.2
276,Kelly,West,"084 Paucek Square Suite 573
Fayside, TX 27504",86,1,2,4,9,1839.21,89.6
277,Mellie,Kunde,"614 Amari Junctions
Sipesshire, IA 83648-6169",24,2,2,7,7,2932.72,150.6
278,Jacques,Konopelski,"49109 Devan Valley
East Evalyn, VT 13392",67,1,1,5,1,1975.14,75.8
279,Dario,Trantow,"012 Kitty Valley
Kattietown, RI 35653-4525",30,2,2,6,6,2417.89,78.3
280,Pedro,Robel,"5247 McCullough Lane Suite 613
South Ephraim, CT 12609-0921",68,2,1,5,8,2578.22,75.8
281,Lessie,Robel,"35800 Ayla Crossroad Apt. 228
Kaylinmouth, DC 81455",86,2,2,5,3,2302.1,65.4
282,Gonzalo,Schamberger,"0097 Gerlach Route Suite 498
North Trenton, MA 66141-6568",61,1,2,3,7,1683.06,51.6
283,Maci,Quitzon,"2082 Crona Rest Apt. 022
East Providenciland, RI 11055-2812",50,1,2,3,7,3090.4,37.7
284,Raquel,Strosin,"076 Libbie Drives
East Arlenehaven, KY 12798",59,1,2,4,5,2816.41,79.1
285,Lance,Gaylord,"0251 Frami Glens
Fayville, OH 62869-6233",76,1,2,4,4,2487.96,85.1
286,Georgette,Moen,"382 Greenfelder Manor Apt. 939
Walkerbury, LA 35177",16,1,1,5,6,2513.09,86.1
287,Roberto,Kozey,"5034 Julian Gardens
Kemmermouth, PA 44980-8343",23,2,1,5,4,2708.04,89.7
288,Danielle,Bauch,"12025 Pfeffer Circle Apt. 169
New Maximilian, NH 36826",70,1,1,6,4,2782.61,115.2
289,Micheal,Corwin,"600 Weber Inlet Apt. 558
West Isomstad, ID 99002",58,1,1,7,4,2209.31,108.3
290,Ward,Morar,"87763 Mayer Mountains
North Karliebury, AK 66705",35,1,1,4,3,2318.64,114.9
291,Dewayne,Roberts,"3407 Reta Wells
Schoentown, MA 51692",46,2,1,9,10,2792.44,145
292,Sheldon,Nitzsche,"178 Shyann Junction Apt. 659
Adrielhaven, TX 50160",14,2,1,2,5,2480.71,31
293,Tito,Goldner,"50633 Fadel Burg
Windlerberg, NC 69983",60,2,2,7,5,2468.48,158.2
294,Dawn,Bernhard,"41616 Kuphal Crest
South Darian, MT 80616",14,1,1,5,11,2550.32,97.6
295,Rylan,Boehm,"19234 Nicola Course
South Charlene, IN 91656",80,1,2,6,4,3146.25,90.8
296,Lorenzo,Lynch,"6252 Hartmann Fields Apt. 051
Port Jacintoville, IA 10783-4143",90,1,1,3,3,3435.9,50
297,Emmalee,Tromp,"079 Elwin Junction Suite 228
Port Alexane, ID 50252",31,2,1,2,4,2546,23.7
298,Cara,Rice,"4478 Declan Pike
Garthshire, DC 00890-4177",42,2,1,5,4,2399.36,51.2
299,Chase,Tromp,"7195 Mohr Landing Apt. 443
West Shemarview, MN 32218-3379",80,2,2,4,6,2137.39,72.8
300,Kayley,Feeney,"263 Von Radial
New Gilesport, MA 89989",61,2,1,4,3,2596.28,73.1
301,Rory,Kunze,"8149 Corkery Glens
New Faustoport, RI 43512",24,2,1,7,6,2307.59,168.3
302,Madyson,Weimann,"31711 Micheal Locks Suite 537
New Oranhaven, AL 10567-1471",31,2,1,7,3,2685.26,129
303,Watson,Barrows,"199 Hettinger Rapid Suite 361
Johnstonport, MD 24119",51,1,1,3,5,2167.42,33.7
304,Brittany,Trantow,"391 Isabella Plaza Apt. 047
Jessyside, AR 17446",65,2,2,8,7,1788.05,145.8
305,Stone,Dare,"4625 Loyal Street
Lake Candidoshire, KY 33014",86,2,1,4,4,1849.49,78.5
306,Douglas,Murray,"35557 Liliana Ports Suite 248
Moorebury, WV 76750",40,1,1,7,3,2503.63,123.8
307,Ryann,Smitham,"9473 Champlin Islands Suite 296
South Adolph, KY 74938-4727",49,1,1,8,7,2707.86,166.3
308,Nettie,Wilkinson,"29464 Fredy Skyway
Jacobsonburgh, ME 56230",30,2,2,3,3,2900.2,76.6
309,Giovani,Murray,"5336 Denesik Ways
New Jazlyntown, FL 52786-1828",71,2,1,4,9,2527.14,59
310,Summer,Franecki,"3635 Schmitt Coves Apt. 980
West Shanny, UT 43852-9355",19,1,2,9,3,2199.41,110.3
311,Colton,Koch,"3462 Melvina Gardens Apt. 541
Aftonmouth, NY 64661-7670",43,1,2,5,5,2492.83,105.2
312,Armani,Okuneva,"263 Felicita Park Suite 987
New Kathrynport, NV 59833",79,2,1,6,1,1872.94,66.4
313,Vickie,Schimmel,"65840 Runte Path
Prohaskaville, RI 51843",27,2,2,9,7,2302,69.3
314,Marlee,Hand,"668 Pollich Divide Apt. 209
Lake Lionelland, SD 94253-8263",18,1,1,2,5,1826.04,40
315,Floyd,Stokes,"0145 Shaniya Road
New Hendersonbury, IA 49457-5151",22,1,1,7,5,2563.34,118.7
316,Lemuel,Senger,"7087 Brianne Mountain Suite 338
Cronachester, NV 93037",71,1,1,4,9,2928.41,58.9
317,Dortha,Fritsch,"90107 Kailee Trail
New Josephborough, CA 13251",35,1,1,5,4,2569.17,71.2
318,Orval,Gorczany,"05801 Ankunding Villages
Waltershire, WV 72648",69,2,2,4,3,2074.94,57.7
319,Lesly,Fisher,"2506 Hassie Village
East Mustafafort, NM 79678-9352",62,2,2,3,5,3067.06,64.2
320,Stephania,Zboncak,"712 Weber Estate
Schinnerburgh, IL 95214",18,1,2,6,5,2315.95,121.6
321,Nelda,Schmeler,"341 Louvenia Rue
Jomouth, FL 62450-8250",70,1,2,7,6,2750.83,108.5
322,Keven,Medhurst,"443 Larson Points
West Maye, AL 05109",65,1,1,8,8,2830.94,86.1
323,Caterina,Hackett,"757 Kunze Ranch Apt. 705
West Aileen, HI 16052",47,2,2,3,2,2710.17,56.7
324,Grady,Kuhn,"439 Stroman Haven Apt. 415
Jackieburgh, WY 72650-2850",34,1,1,8,3,2357.73,162.9
325,Rubye,Carroll,"4856 Stanton Mission Apt. 111
East Nolan, SC 53353-7747",49,1,1,5,3,2838.62,87.9
326,Jamey,Stamm,"82646 Denesik Isle Apt. 766
Mervinborough, NM 61413-2733",70,1,2,9,8,2755.84,158.5
327,Loy,Blick,"4847 Reichert Meadow
West Sophietown, ME 90654",50,1,1,4,4,2370.62,68.5
328,Pablo,McCullough,"12425 Will Center Apt. 442
Dollytown, NE 64740-7447",43,2,2,8,5,2593.02,175.1
329,Colleen,Baumbach,"924 Juwan Cape Apt. 910
North Alba, KY 99345",84,2,2,4,4,2346.93,59.3
330,Earline,Marvin,"86534 Katarina Wall
Port Eloisa, OH 93441",31,1,2,8,4,2331.3,98.9
331,Joanne,Beahan,"3500 Kolby Coves
New Alvinafurt, NE 93750",68,1,2,7,6,2380.6,116.5
332,Laury,Kassulke,"7135 Morissette Ferry Apt. 619
Port Lura, WA 09208",85,1,2,7,9,2383.48,91.6
333,Jorge,Towne,"951 Gina View
Karishire, IL 30008",59,2,2,5,5,1910.36,60.7
334,Morgan,Koelpin,"295 Crystel Keys
Rolfsonview, DC 74916",29,2,1,3,4,2106.23,61.4
335,Sigrid,Zulauf,"628 Joseph Mountain Apt. 060
Ernserfort, MN 92062-1439",18,1,1,7,5,2397.1,91.7
336,Bernhard,Reilly,"8063 Dicki Underpass Suite 682
Port Elvis, CT 26904",32,1,1,6,12,2286.39,95.9
337,Americo,Pfeffer,"880 Laurianne Radial Apt. 802
Lake Virgie, OH 08669-0993",34,2,2,5,4,2137.09,74.4
338,Jarod,Batz,"1404 Botsford Underpass
Leannfort, PA 71156",61,1,1,5,6,2394.74,60.2
339,Syble,Boyer,"24536 Hartmann Square Suite 505
South Lunaport, WY 18250",54,1,1,6,5,2309.82,106.1
340,Ken,Klocko,"320 Renee Mall
South Ottiliebury, TN 20928-7410",84,1,2,6,8,2772.28,106.2
341,Ottilie,Stracke,"812 Wyatt Estates
Pourosview, UT 84105-5487",72,2,2,7,7,1992.29,123.4
342,Trudie,Borer,"03365 Hammes Turnpike Suite 976
Haylieville, AZ 83134",47,2,1,4,7,3071.11,35.1
343,Edwardo,Goldner,"26484 Wilkinson Knolls
East Sunnyborough, NV 53758",25,1,2,5,4,2371.04,100.6
344,Judson,Parker,"90183 Zboncak Centers
West Myrtis, KY 10135",37,1,2,2,7,2257.71,57.1
345,Neil,Torphy,"0922 Stokes Drive Suite 155
South Heidistad, HI 89925-3793",64,1,2,4,6,2387.03,65
346,Syble,Corwin,"33976 Vern Keys Apt. 814
Diamondland, AK 50560-4331",19,2,2,4,9,2353.35,70
347,Keara,Kilback,"93055 Grady Bypass Suite 081
New Bulah, IN 75675-6957",15,1,1,1,6,2059.58,13.5
348,Hallie,Zulauf,"267 Moore Greens Suite 987
South Benny, WV 83863",53,2,1,5,6,2882.74,112.3
349,Monserrate,Boyle,"30296 Declan Harbors
New Tyrell, SD 63150",47,2,1,4,7,2602.35,59
350,Isaac,White,"4732 Mac Port
South Edisonberg, UT 83629",55,2,1,8,4,2260.9,115.8
351,Chris,Kuphal,"32265 Germaine Land Apt. 690
Casperberg, KY 54264",72,2,1,5,5,2500.43,59.4
352,Destiny,Dooley,"9950 Marietta Trail Suite 781
Blandaborough, ME 69509",30,2,1,4,5,2428.68,66.3
353,Gladys,Bernhard,"081 Conrad Row
Lake Kristin, PA 05707-1713",83,1,2,3,8,3526.78,51.1
354,Lera,Volkman,"499 Lind Spur
Jedstad, WV 40614",34,1,2,7,5,2554.85,117.6
355,Candace,Rolfson,"8324 Maggio Field Apt. 741
Davismouth, AR 06752-2757",35,2,1,5,3,2409.98,108.8
356,Alva,Rowe,"603 Khalid Springs
Monicashire, UT 41770",25,2,2,4,3,2142.06,41.5
357,Micaela,Quigley,"548 Hirthe Skyway
South Zaneburgh, OK 72122",89,2,1,1,3,1315.83,20.2
358,Orland,Wyman,"528 Larkin Spurs
East Ahmed, GA 66988-7697",83,2,2,9,5,2442.18,121
359,Mozell,Heidenreich,"3820 Genesis Prairie Suite 052
Malvinamouth, SD 39100-3933",69,2,2,5,3,2682.13,102.3
360,Ivory,Schoen,"935 Gerard Fort
Port Rickiemouth, AZ 93742-1091",19,1,2,9,7,2348.91,120.9
361,Gregoria,Bayer,"5049 Bergnaum Via Apt. 281
South Aileenview, SC 94263-9494",55,2,2,3,9,2355.69,85.8
362,Darrell,Champlin,"3817 Agustina Falls Apt. 722
Madelinebury, KY 93904-9516",12,2,1,5,3,2354,53.2
363,Adriana,Herman,"5941 Sporer Manors Apt. 675
North Markusstad, CA 80800",25,1,1,4,5,2520.34,57.8
364,Jerrod,Larson,"8622 Larry Via Apt. 475
South Lelatown, VA 59433-1769",64,2,1,2,2,1388.66,45.5
365,Marcelle,Quigley,"275 Cremin Gardens
Kunzestad, AL 50026-8055",61,1,2,4,4,2494.72,54.7
366,Terrill,Daniel,"31011 Stoltenberg Groves Apt. 851
Arlenemouth, ND 30793",28,2,2,7,10,2953.68,129.4
367,Libby,Bogan,"288 Rhiannon Lake
Amarihaven, WI 13936",24,2,2,3,4,2931.66,34
368,Daphnee,Bartoletti,"4232 Arnoldo River
Heidenreichshire, NH 44477-7102",86,1,2,2,5,2441.18,48.3
369,Emerald,Murazik,"5808 Wehner Branch Apt. 624
Kuhicmouth, PA 96393-3509",34,1,2,4,3,1417.62,54.6
370,Faye,Stracke,"012 Cummings Roads
Port Craig, HI 39797-8665",25,1,2,8,4,2681.01,104.1
371,Royce,Grady,"6650 Ardella Falls
O'Harachester, NE 18850",38,1,2,2,2,2674.41,36.1
372,Tressa,Ebert,"988 Torp Flats
Alphonsomouth, TX 28639-3833",17,2,1,5,3,2088.02,69
373,Priscilla,Brown,"89678 Hortense Station
East Jamey, UT 84664",83,2,2,4,6,3144.83,61.1
374,Darrin,Schinner,"93883 Senger Glens Apt. 637
New Rodrick, OH 98477",46,2,2,7,4,2356.75,108.3
375,Garland,Lang,"365 Kohler Knoll Suite 182
McCulloughland, HI 75128-7063",44,1,1,4,4,2126.53,114.6
376,Jacky,Howe,"2995 Baumbach Squares Suite 385
Izaiahstad, CA 17198-2492",70,2,2,5,7,2068.38,71.5
377,Seamus,Bradtke,"1586 Cristina Ridge Apt. 467
Leonorton, KS 93290",57,1,2,8,1,1756.92,115.3
378,Rodrigo,Lueilwitz,"3029 Rachael Rapids
North Teaganmouth, GA 93723",66,1,1,6,6,2421.58,113.7
379,Candelario,Barrows,"720 Purdy Square
McDermottmouth, NJ 29568",35,1,1,3,4,2386.3,53.3
380,Trystan,Willms,"008 Rowe Trail Suite 974
Marlonport, MN 81973",53,1,1,4,3,2061.11,38.2
381,Cale,Sanford,"1831 Hudson Stravenue Apt. 497
New Libby, IN 65159",56,2,1,4,6,2635.7,87.4
382,Roselyn,Walker,"51849 Rath Heights Apt. 159
Turcotteton, MD 23817-1651",83,2,1,5,6,3122.29,90.5
383,Jaclyn,King,"515 Smitham Garden
Stokesfurt, CT 52819-1309",88,1,2,7,7,2281.07,136.2
384,Polly,Spinka,"15535 Botsford Highway
East Jaeden, ID 50886-1773",56,1,2,6,4,2566.91,77.8
385,Gwen,West,"48773 Christ Row Suite 601
Ethelynberg, AK 33917-4115",12,2,1,3,5,2482.95,40.3
386,Robbie,Mitchell,"686 Kessler Landing Apt. 768
Rylanstad, LA 24087",87,1,1,7,3,2245.27,98.6
387,Tabitha,Harber,"1301 Estell Overpass
West Jabari, FL 02086",67,2,1,3,2,3401.55,34.5
388,Kailyn,VonRueden,"635 O'Conner Burg Apt. 505
Jakeview, MA 51260",60,2,1,2,9,2603.29,43.9
389,Milford,O'Kon,"2087 Bradtke Unions
New Ryderbury, FL 41173",50,2,2,4,2,2795.56,52.8
390,Cruz,Nolan,"722 Bailey Pass Suite 173
Johnstonmouth, ND 74428-0348",77,1,2,1,3,2159.32,28.4
391,Pete,Grimes,"2295 Greenfelder Gateway
Muellerbury, AK 45716-0191",74,1,2,6,2,2335.85,112.5
392,Gwendolyn,Cartwright,"806 Frami Lodge Apt. 555
Port Harmonchester, KS 77131",70,1,1,8,1,2722.88,172.6
393,Raphaelle,Schimmel,"049 Mraz Inlet Suite 015
Marvinfort, OR 72007",46,2,2,6,8,2467.06,90.4
394,Dora,Lubowitz,"27156 Schoen Pass Apt. 522
Waelchiton, KY 27230",28,2,2,4,3,2343.2,66.7
395,Dayne,Price,"88198 Fadel Plains Apt. 029
North Clemensville, NE 49043",64,2,1,5,6,2438.55,41.7
396,Afton,Roob,"00317 Beverly Locks
Vickymouth, DE 64980",23,1,1,4,5,2460.88,73.3
397,Kenneth,Kuphal,"1168 Skyla Overpass
Alexandrebury, SC 80170-0840",35,2,2,10,7,2597.02,179.6
398,Estella,Bosco,"990 Verda Estates
New Aniya, TN 63474-0519",29,1,1,4,7,3217.01,33.2
399,Kory,Grady,"19516 Douglas Dale
New Michelleview, NE 21980-2347",33,1,2,2,3,2878.45,42
400,Maverick,Rau,"4365 Beahan Shores Suite 431
Amarafurt, CO 97950-9004",19,2,1,4,6,2343.93,82.2
401,Howard,Doyle,"83750 Myrl Ridges Suite 506
Gustborough, WV 21790-2869",85,1,1,2,7,1982.02,40.9
402,Kale,Hauck,"013 Cody Route Apt. 867
North Jalon, SD 62257-0872",31,2,2,5,2,3220.02,75.8
403,Berniece,Bradtke,"840 Ashleigh Cape Apt. 584
South Cassidyland, NE 47843-4506",62,2,1,9,6,2140.81,138.4
404,Susan,Roob,"871 Domingo Summit Suite 091
New Garett, VT 41543",24,1,2,6,3,2579.91,126.7
405,Cecile,Von,"320 Murphy Ramp
New Hermanville, KY 65449-2178",70,1,2,5,3,2076.62,106.3
406,Adrienne,Hettinger,"7739 Everardo Landing
Chesleyfurt, WY 28029",37,1,2,3,4,2732.46,50.9
407,Clementina,Bradtke,"1152 Queen Mountain
Port Rossie, UT 11228",48,2,2,6,6,2151.83,52.1
408,Amari,Goodwin,"5891 Efrain Islands Suite 068
East Vena, HI 68289",24,1,2,4,11,3071,49.1
409,Aniya,Ernser,"435 Kassulke Glen
Toyfort, DE 84685-3458",28,2,2,4,5,2597.6,51.5
410,Jimmy,Walter,"396 Pouros Manor Apt. 752
North Tyson, AK 02507-4513",39,1,2,7,4,2659.39,116.6
411,Rosalee,Barton,"58788 Willy Plains
South Bill, MN 24008-0556",48,2,2,5,4,1409.27,50
412,Orville,Breitenberg,"7846 Crooks Ports
Bartonton, CT 02159",33,1,2,3,9,2472.77,51.1
413,Taylor,Thompson,"80227 Denesik Centers
Shanyville, WY 95359",36,1,2,5,4,2374.92,19
414,Janiya,Dickinson,"72486 Murphy River
Lake Esmeralda, VA 05164-5711",23,2,1,6,4,2677.8,94.5
415,Amos,Johnston,"113 Weber Mountains
South Dannie, TX 35583-4333",59,1,1,11,4,2702.75,171.5
416,Abbigail,Kemmer,"366 Eldora Ville
North Selinaville, ME 45311",40,1,2,3,9,2566.77,37.3
417,Sadye,Cruickshank,"0938 White Manors Apt. 772
Ricebury, NV 49669",25,2,2,9,8,2372.36,192.8
418,Carissa,Strosin,"4857 Turcotte Glens
Connport, CA 66130-5177",59,2,2,3,4,2874.08,52.4
419,Hank,Fadel,"01356 Daniel Key Apt. 655
Strosinside, WI 66244-4809",38,2,2,4,3,2579.21,71.9
420,Jazmyne,Wilkinson,"576 Elenor Lakes
Luellatown, FL 61841-6474",52,2,2,7,6,2580.89,44.2
421,Avis,Gerlach,"84785 Enos Drives Apt. 640
Niaview, MS 97386",57,2,1,2,4,2366.32,36.3
422,Lamar,Stehr,"656 Hayes Point
Arvidside, HI 42755-9813",69,2,2,5,5,2686.42,63.8
423,Nicolas,Wunsch,"853 Cummerata Mills
Winstonberg, MA 74052",54,1,2,3,5,2250.18,55.3
424,Arnold,Stehr,"98374 Joy Valley Suite 476
New Ethelynburgh, OR 61033-4550",26,1,1,2,5,1999.51,40.2
425,Dario,Rosenbaum,"9300 Jessica Club
Lake Garth, HI 54899",35,1,1,5,3,2615.06,60.9
426,Abigayle,Hoeger,"60711 Ankunding Meadows Apt. 343
Lindgrenview, LA 10251",34,2,2,7,7,2406.21,128.1
427,Sallie,Kilback,"018 Lucius Vista Apt. 924
West Zoeborough, WY 35009",83,1,2,3,3,2253.79,48.8
428,Luna,Russel,"6223 Powlowski Mill Apt. 339
Port Tellyberg, SC 73471-1723",28,1,2,4,5,2480.56,136.7
429,Elliott,Wilderman,"7877 Nasir Center
South Ubaldoside, NY 74389",17,1,1,7,5,2376.61,130
430,Alycia,O'Keefe,"5571 Conroy Manor Suite 197
Sophiaton, NY 63476-7665",38,2,1,6,4,3277.21,83.3
431,Joelle,Veum,"81657 Leannon Lights
New Weston, VT 55856",12,2,1,7,4,2579.78,150.7
432,Bartholome,Price,"5475 Brakus Way Apt. 688
South Lorenzburgh, IN 14325-2121",57,2,2,4,6,2023.35,87.8
433,Morris,Stroman,"609 Stanley Glen
O'Haramouth, MO 22271-5489",66,1,2,3,7,2994.86,59.4
434,Winifred,Daugherty,"63831 Blick Wells
Hyattshire, OR 01818",25,2,2,3,2,2283,42
435,Ron,Schumm,"84279 Tressie Causeway Suite 214
West Havenshire, HI 66322-7622",62,1,1,5,4,2494.63,82.6
436,Hanna,Parker,"7264 Heller Knolls Apt. 183
Georgemouth, RI 74962-6052",67,1,2,6,5,2827.08,126.1
437,Domingo,Macejkovic,"141 Mertie Branch
New Ulices, VA 25347-8202",44,1,1,5,6,2156.87,101.9
438,Makenna,Barrows,"140 Meredith Track Apt. 091
Trompborough, NV 60986-9858",78,2,1,6,6,2820.7,83.8
439,Chelsea,Reichel,"51934 Bahringer Freeway
Ivahchester, NE 27211-3816",88,1,1,6,5,2522.46,122.2
440,Josephine,Lubowitz,"267 Altenwerth Station
West Johan, TX 39034-0432",89,2,1,2,6,2546.24,44.7
441,Cindy,Prosacco,"9954 Welch Branch
Jodiefort, DC 63835",44,2,1,6,6,2446.28,85.8
442,Lillie,Kirlin,"38200 Kian Curve
West Mose, AR 60563-3118",26,2,2,2,9,2869.8,34
443,Felton,Feest,"00523 Mraz Rapids Suite 389
Aliside, MN 95265-4933",79,1,2,8,10,2540.8,154.6
444,Vickie,Wisoky,"91528 King Mountains Suite 676
North Zolafort, NM 54373-1076",63,1,2,3,4,2466.58,63.7
445,Felton,Wiza,"316 Graham Place Suite 491
East Urban, IL 74152-4007",72,1,2,6,7,2519.92,98.3
446,Elyse,Considine,"23706 Rippin Fords
Ratkeshire, TX 12872",54,1,2,6,6,2735.62,64.8
447,Stanton,Yost,"62463 Smith Passage Apt. 741
North Robynstad, AZ 45363-1227",52,2,2,2,7,2621.43,24.8
448,Stewart,Bruen,"94319 Katelyn Drive Suite 934
New Millieside, OR 26671",83,2,2,9,2,2722.15,158
449,Otis,Tromp,"8421 Jaclyn Drive Suite 318
Melbafurt, HI 16495",62,1,2,4,1,2056.61,53.8
450,Lou,Russel,"6285 Stefanie Greens Suite 943
East Dejaberg, AZ 67207",47,1,1,4,5,2672.73,47.4
451,Hilma,Monahan,"8171 Dach River
Kassandraland, NH 66149",54,2,1,5,4,2822.24,60.2
452,Kaylee,Herman,"59095 Torphy Street
West Madelynnshire, MT 39984-5577",29,2,2,7,6,2716.68,154.9
453,Delta,Mills,"371 Santina Estates
Ellamouth, MD 97653-4594",40,2,2,5,6,2797.43,99.3
454,Rocky,Adams,"77743 Armstrong Parkway
West Nathanielfort, UT 39966-0462",68,1,2,5,5,2500.18,90.3
455,Jocelyn,Turner,"245 Deion Tunnel Suite 483
Robertsview, WA 06352",35,2,1,7,6,2416.58,145.9
456,Kiara,Klein,"02712 Lilyan Rapid
Madisynmouth, SC 89672-5485",67,1,1,5,8,2516.38,126.2
457,Christina,Gislason,"378 Wava Station Suite 969
Lake Jewel, UT 00974-4616",39,1,2,4,1,2030.23,50.3
458,Boyd,West,"126 Leffler Inlet
New Alejandrinfurt, IL 79134",68,1,1,3,5,2499.11,64.8
459,Ivy,Schinner,"296 Pete Tunnel Suite 208
South Luciemouth, OK 65812-7779",39,1,1,3,7,2763.83,59.2
460,Rex,Marks,"7427 June Terrace
Dorcasville, SD 93083-1917",13,1,2,7,3,2502.7,107.3
461,Karl,Bahringer,"12406 Hand Alley Suite 195
Bartolettiton, MD 32600",38,2,1,8,8,3146.25,173.9
462,Ada,Stanton,"811 Breitenberg Shoals Apt. 708
Sipesberg, NY 14717",32,2,1,2,3,2598.74,45.8
463,Sister,Schaden,"94975 Wyman Mews Apt. 872
Shieldsport, OK 75426",62,1,2,13,3,2701.49,254.7
464,Darrick,Gorczany,"10097 Zulauf Grove
Faymouth, SC 81043",12,2,2,3,3,2222.14,35
465,Nicola,Nikolaus,"25054 Von Path
Fostermouth, OR 10192",52,2,1,7,5,3051.34,120.7
466,Adele,Jones,"37846 Kylie Ford
Jodieville, MT 98415-5837",30,2,2,7,6,3068.02,110.8
467,Henri,Wintheiser,"279 Alda Mission Apt. 656
North Maxwellshire, IL 03238",40,2,1,1,7,2149.4,9.6
468,Joana,Vandervort,"554 Ferry Shoals
McLaughlinborough, VA 14407",32,1,2,4,5,1890.1,44
469,Anabel,Kirlin,"17118 Noble Garden Suite 592
Murazikland, CT 36676",73,1,1,7,3,2329.27,148.4
470,Lea,Howe,"3394 Koss Shore
East Francesborough, CA 85684-5746",47,2,1,4,2,3251.88,49.1
471,Sincere,Fisher,"4809 Reinger Walk
East Elizaview, DC 62202-3377",77,1,1,7,2,2282.34,94.8
472,Keshaun,Leffler,"9697 Wyman Highway Suite 816
Port Royce, NH 74902-8007",54,1,2,7,4,2128.58,186.1
473,Minerva,Tromp,"062 Walsh River Suite 983
North Emelymouth, MA 45677",55,2,2,5,6,2213.83,92
474,Shannon,Skiles,"45827 Langosh Isle Apt. 751
Lake Larissaville, CT 23004",36,2,2,8,3,2412.18,150.3
475,Mario,McKenzie,"132 Lila Orchard
New Jettie, GA 33463-1026",60,1,1,3,4,1765.86,45
476,Annamae,Gaylord,"8013 Sophie Ford
Christystad, AR 12728-9232",83,2,1,7,5,2118.98,169.1
477,Viva,Miller,"728 Murphy Drive Suite 125
Greenfelderfort, TN 04636-4567",84,2,1,4,3,2212.96,135.3
478,Trace,Kautzer,"699 Hudson Burg
Ambrosefort, RI 01087",47,2,1,7,5,2799.81,103.5
479,Ezequiel,McLaughlin,"58911 Olin Ridges
Gerholdfurt, VA 36841",35,2,1,5,4,2236.89,98.3
480,Leda,Deckow,"86421 McKenzie Roads
North Aiden, NY 12906",42,2,2,3,2,2489.84,61.8
481,Gabe,Rosenbaum,"288 Cassin Port Apt. 188
Clarissashire, SC 02840",52,2,1,4,4,2623.58,54
482,Earnestine,Schmitt,"40900 Grant View
New Verla, SD 60712-6623",87,2,1,6,1,2908.36,131.8
483,Isaac,Rau,"199 Amy Junction Apt. 294
New Paula, DC 90035",12,2,1,4,8,2610.43,44.6
484,Gayle,McKenzie,"37618 Donna Turnpike Suite 211
Greenholtborough, MI 58262",80,2,2,5,7,1896.98,99.1
485,Lempi,Medhurst,"6037 Gutkowski Turnpike Apt. 641
West Myraborough, AK 13903",70,1,1,8,6,2575.81,165.3
486,Mike,Schultz,"5719 Von Parkways
New Nikkochester, ID 19477",16,1,1,6,1,2105.13,95.3
487,Helga,Purdy,"1873 Mosciski Stravenue
New Arvillafurt, IL 02971-8505",68,2,2,5,4,2765.82,87
488,Daisy,Moen,"602 Felicity Spring Suite 633
Kuhlmanport, LA 57658",73,1,1,5,7,2447.56,56.2
489,Colton,Treutel,"0383 Gino Village
East Kristina, MI 78947",38,2,2,6,6,2719.45,97.8
490,Garnet,Lemke,"7363 Aracely Village Apt. 683
Lockmanfort, UT 90260",17,1,2,6,4,2587.97,73.8
491,Willow,Gottlieb,"58583 Carroll Ramp
West Delta, NJ 93180-5384",12,1,1,3,5,3033.51,39
492,Madge,Erdman,"794 Cassin Track Apt. 570
East Buster, OK 60811-9839",30,1,2,2,2,3027.56,41.6
493,Quinten,Price,"077 Turner Dale
Tierraborough, AK 60754-4060",64,2,1,2,6,3172.05,72
494,Carmella,Denesik,"71347 Anais Roads
North Moseville, MO 10319-0453",89,2,2,5,6,3136.81,60.3
495,Thalia,Emmerich,"651 Margarita Loaf Apt. 078
Heaneyville, ID 69970-6918",29,1,2,4,8,2791.74,62.7
496,Denis,Gleichner,"294 Blick Island
North Eliane, IL 33545",40,2,1,4,7,3005.49,59.2
497,Anika,Hane,"10949 Graham Neck
Lake Stephanie, NM 16870",73,1,2,4,4,2773.87,131.3
498,Jace,Cummerata,"6424 Mann Isle Suite 027
Williamfort, MI 52828",53,1,2,5,3,2149.32,101.9
499,Precious,Satterfield,"38386 Berneice Branch
South Shaneland, TN 12351",58,2,1,6,11,1679.74,122.2
500,Karson,Murray,"88753 Skye Points Suite 294
Rubystad, AL 27735",23,1,2,3,3,2531.2,67.4
501,Luisa,Feeney,"03031 Franecki Camp
East Ashlynn, KS 42324",65,1,2,2,4,3359.88,52.4
502,Berneice,Rempel,"9747 Mossie Vista
East Clarkmouth, WY 07316",29,2,1,4,6,1933.32,55.1
503,Brianne,Pacocha,"1615 Noel Springs
North Ardithview, PA 71842",43,2,1,5,6,3162.6,84.2
504,Marilou,Russel,"8765 Camille Street
Ritchiechester, RI 35992-8622",31,1,2,9,6,2514.56,185.5
505,Carmel,Kemmer,"58518 Renner Circle Apt. 853
East Kade, PA 32636",76,2,2,7,5,2787.58,134.8
506,Einar,Mertz,"93865 Donald Viaduct
North Kaylieville, WA 97977-7600",18,2,2,9,7,2872.57,142.4
507,Lorna,Larkin,"58061 Brandyn Oval Suite 547
North Eleanoraburgh, DE 26688",75,2,2,5,5,2791.03,72.3
508,Blake,Doyle,"567 Hudson Shoal
Lake Candice, LA 41445",90,1,1,8,6,2547.56,124.5
509,Erik,Ryan,"57901 Kunde Port Apt. 736
D'Amoreport, ID 72461-2618",39,1,2,8,7,2672.59,186.1
510,Junius,Conroy,"9074 Will Stream Suite 579
East Nettiefort, MA 52416-0326",57,2,2,3,3,1958.89,47.4
511,Winona,Mayer,"4974 Dickinson Track
North Dinaland, ND 21024",29,2,2,3,7,3020.53,44.8
512,Willow,Hessel,"28679 Zulauf Street Apt. 895
Port Mae, NE 49718-4816",51,2,1,6,6,2676.07,113.8
513,Dane,Schinner,"5201 Jeff Fall Suite 358
Port Pinkstad, MS 59516-0230",25,2,2,6,5,1973.25,81.6
514,Gail,Dare,"00981 Alba Pine Apt. 052
Weberfurt, VA 30987-6395",55,2,1,8,5,2281.86,88
515,Damon,Beahan,"3116 Keebler Throughway Suite 004
Vadaland, NY 76950-7459",42,2,1,5,6,2248.58,138.5
516,Emma,Schaden,"60110 Ward Trail
Bradenville, ME 26495",40,2,2,5,3,2620.92,115.4
517,Joaquin,Nikolaus,"3541 Willms Island Suite 286
West Ines, MN 52719-6871",21,1,2,8,5,2236.29,83.3
518,Dante,Runolfsson,"491 Katlyn Village Apt. 203
Lake Ressiemouth, MI 37485",76,1,1,6,9,2532.16,110.8
519,Karianne,Boyle,"612 Enola Views
Schummburgh, SD 36014-6745",23,1,2,3,3,2251.29,35
520,Domenic,Reinger,"154 Friesen Alley Apt. 278
West Caseyfurt, WV 34208-4562",22,1,2,7,4,2578.42,106.7
521,Jameson,Zboncak,"5556 Roberta Center Suite 227
West Candido, WA 76425",63,1,2,5,5,2621.02,77.3
522,Omer,Erdman,"2215 Kemmer Branch
Karianneborough, UT 76501",27,1,2,9,3,2733.81,133
523,Eudora,Greenfelder,"52525 Corbin Plains Suite 526
Lake Caratown, WV 67849-2982",21,1,1,5,6,2799.19,77.7
524,Edmond,Kemmer,"159 Wunsch Passage Suite 143
South Alfreda, ND 93401",66,2,2,1,6,2416.33,11.3
525,Roberta,Morar,"1247 Evalyn Spur
Drewchester, MN 77778",32,1,2,7,2,2704.15,126.4
526,Kenton,Satterfield,"667 Wunsch Isle Apt. 153
Sipesmouth, OH 79760",26,2,1,4,4,3023.56,56.2
527,Trisha,Kuvalis,"462 Alvena Gateway Suite 413
Tyshawnland, SC 57726-0864",53,2,2,8,4,2381.26,124.2
528,Kiarra,Block,"49431 Brody Village
Abernathyhaven, WI 19350",70,2,2,3,7,1642.61,33.6
529,Claudie,Wiza,"462 Haag Road
Zboncakborough, NE 06276",21,1,1,7,4,2569.1,124.9
530,Camylle,Rosenbaum,"00981 Assunta Inlet
Port Darricktown, WY 10145-0491",52,2,2,8,4,2800.03,110.7
531,Margarette,Hoppe,"278 Rylan Cape Suite 824
South America, UT 84341",38,1,1,2,6,3269.91,44.1
532,Malachi,Dickinson,"02588 Leonie Circles
Gusland, KY 45496",70,2,1,13,7,2508.9,170.4
533,Nola,Shanahan,"0200 Foster Freeway
North Arnoldotown, FL 76390-6644",73,1,2,5,6,2649.57,140
534,Freeman,Buckridge,"08831 Leffler Wall Suite 448
Arnoldmouth, MT 76955",75,2,2,5,6,2048.15,83
535,Mark,Baumbach,"16684 Block Inlet
East Danika, WV 74972-7976",82,1,1,6,2,2164.24,91.8
536,Buck,Wolf,"04554 Malachi Vista Suite 322
Runolfsdottirmouth, MS 62454-0629",19,2,1,5,2,2199.58,95.5
537,Crystal,Mueller,"874 Schroeder Squares Suite 136
North Noble, SD 93312-9314",66,2,1,3,7,2605.46,51
538,Edythe,Stroman,"55499 Koch Estates
New Yvetteside, MN 48848",28,2,2,7,2,2484.93,101.7
539,Barrett,Kerluke,"924 Porter Wall
Lake Wilfridhaven, NY 72450",31,2,2,5,7,2478.14,64.2
540,Hattie,Lakin,"42582 Thelma Place
Lake Bennie, ID 16491-5930",84,1,2,5,4,2597.19,55.1
541,Frederick,Goldner,"111 Eli Plaza
Mannstad, WY 69141-3387",33,1,2,5,6,1979.66,126
542,Glennie,Homenick,"324 Wilmer Brook Suite 641
West Francesca, NC 98856",69,2,1,4,4,2704.91,64.1
543,Destiney,Turner,"7090 Wolff Glen
Keeblerborough, WY 49496-4707",15,2,1,8,6,2423.05,135.2
544,Misty,Ratke,"178 Nestor Springs
Lake Alva, MA 56624-2340",66,1,2,7,5,2741.56,155
545,Halie,Kozey,"46961 Fay Track
Gerardofurt, SD 17902-8402",80,1,2,3,4,2832.26,38.8
546,Mallie,Medhurst,"3423 Batz Plaza Suite 121
Williamsonfurt, NC 23291",15,2,1,5,5,2536.5,76
547,Clifford,Kiehn,"240 Bashirian Roads
South Forrest, WV 34274-4014",70,2,2,2,9,3023.13,21.3
548,Earl,Pfeffer,"64461 Kohler Junctions Suite 061
Murphychester, ME 38328",38,1,1,8,3,2928.35,82.6
549,Hailee,Stanton,"8346 Elvera Shores Apt. 929
New Blairville, MD 13610",62,2,1,8,6,2603.15,187.9
550,Chanel,Hudson,"09835 Aufderhar Extension
Lake Alyce, CT 82383",15,2,1,5,6,2127.22,103.9
551,Aidan,Spinka,"56106 Klein Common Apt. 856
West Jamir, IL 52407",55,2,1,5,7,3234.48,55.8
552,Erick,Prohaska,"273 Kuvalis Prairie Apt. 862
Goyettechester, UT 67916",38,1,1,1,4,90.7,17.7
553,Lilla,Metz,"85310 Wiza Courts Apt. 698
Jacobsonshire, MI 49009",23,1,1,4,2,2650.67,44.3
554,Ada,Harber,"877 Scotty Unions Apt. 824
North Lilianmouth, MS 72157",13,2,2,5,4,2411.79,122.4
555,Carolyne,Denesik,"3209 Effertz Falls Suite 779
West Hughtown, AZ 77664-7557",54,1,1,2,7,2365.56,64
556,Sierra,Schamberger,"32754 Feil Harbor Apt. 884
South Odessa, TX 80491",63,2,1,4,3,1508.8,29.2
557,Kimberly,Wuckert,"463 Prohaska Square Apt. 250
Port Reggiechester, UT 40238-4899",53,1,1,8,6,2937.08,178.9
558,Meaghan,Armstrong,"42271 Lakin Cliffs Suite 043
West Willy, NJ 42996",75,2,2,6,4,2888.79,55.2
559,Dana,Stamm,"754 Witting Lake Apt. 721
New Queenie, UT 49246",45,2,2,2,6,2184,33.9
560,Anabelle,Gleason,"789 Brandt Crossroad
Herminioborough, MT 14010-0736",42,2,1,5,5,2490.71,108.9
561,Sydnee,Johnson,"56547 Eugenia Heights Suite 165
Adamville, KS 93328",13,1,1,8,4,2506.81,115.7
562,Bella,Keebler,"8672 Breanne Divide Suite 116
Labadiefort, OR 89096",79,2,1,6,2,2537.91,78.1
563,Corine,Nicolas,"4050 Anabelle Rest
Maudieland, MI 56209",44,2,2,1,9,411.6,3.2
564,Shaun,Lesch,"52881 Arlene Pine Apt. 328
West Thea, SC 48895-9957",83,2,1,7,4,2593.61,171.5
565,Estefania,Lang,"58318 Haley Radial
New Elvera, RI 12830-6445",12,1,1,4,9,2998.62,59.7
566,Clifton,McDermott,"874 Okuneva Valley
East Thora, IA 64735",31,1,1,3,5,1800.91,51
567,Bethel,Bailey,"87922 Lilliana Mall
Port Deionfort, MA 60483",16,1,1,7,4,2428.69,76.9
568,Breanna,Abernathy,"43429 Danika Parkways
Nelleview, WI 17831",90,1,1,1,3,1867.2,5
569,Bradley,Hermann,"282 Dickinson Place
South Angeloton, ND 64760-6473",57,2,2,4,5,2835.58,102.4
570,Sydnee,Mosciski,"4157 Retta Centers Apt. 569
Hayesmouth, DE 99561",31,2,2,9,5,1785.86,166.8
571,Helena,Hilll,"53189 Lisette Haven Apt. 504
West Cyrusbury, TN 64873",22,2,2,2,3,3207.42,18.7
572,Imelda,Schinner,"3188 Waylon Drives
North Erichton, OH 50527-5994",84,1,1,4,5,2622.93,50.7
573,Malinda,Sanford,"551 Price Ford Suite 636
Lake Abnerfort, AK 75744",23,2,1,9,2,2277.65,146.4
574,Brittany,Rowe,"18004 Doyle Turnpike Apt. 074
Handchester, AK 16011-7333",63,2,2,7,5,2282.26,120.6
575,Hannah,Dickinson,"658 Feest Islands
New Vadaton, OH 07919",42,2,2,5,7,3086.24,70.8
576,Violette,Muller,"9298 Collins Plaza Suite 174
Douglaston, LA 96255",69,1,2,4,4,2299.08,128
577,Andres,Cruickshank,"16627 Will Points Suite 664
New Jovaniburgh, VT 01753",82,1,1,7,3,2719.98,125.1
578,Javon,Nikolaus,"5057 Walter Springs
Jordaneview, WY 80739",29,1,2,6,3,2301.18,110.7
579,Austyn,Williamson,"204 Langworth Branch
North Jackelineton, AK 95398-2708",45,1,1,7,1,2611.9,56.5
580,Cielo,Gleichner,"90340 Tristin Drives
Stephenchester, OK 83781-4759",29,1,2,8,5,2414.47,135.5
581,Rashad,Cremin,"17059 Heathcote Springs
Kuhictown, AK 41608",81,1,2,6,6,2583.15,80.1
582,Camron,Grimes,"723 Price Avenue
New Romanshire, AK 37997-8861",48,1,1,6,5,2280.91,110.9
583,Aliya,VonRueden,"088 Mertz Mountain Suite 347
New Meggie, KS 15607",64,2,2,4,5,2586.15,65
584,Macie,Gerhold,"0466 Kristy Brooks
Lake Margiechester, OR 52495",45,1,2,7,8,2999.18,114.3
585,Sammie,Kuhlman,"1160 Eladio River Apt. 870
Port Sydnitown, VT 53496-4108",71,1,1,4,9,2249.61,80.5
586,Sid,Greenholt,"1509 Elnora Corners
South Collinburgh, MO 45748",31,1,1,8,8,2538.46,73.3
587,Eldred,Erdman,"825 Shanelle Prairie
East Leslyshire, AZ 62997",65,1,2,8,6,2359,110.4
588,Vince,Emmerich,"8605 Padberg Mount Apt. 753
New Isidro, HI 26421",62,2,1,8,5,2596.06,117.2
589,Leora,Davis,"5002 Collier Forest Suite 356
East Heberside, IN 23702-2511",50,2,1,4,5,2625.4,61.7
590,Mabel,McDermott,"327 Jacobs Roads Apt. 299
Padberghaven, VA 94175",57,2,1,11,7,2529.94,129.3
591,Myrtis,Bednar,"03328 Adams Lodge
West Eulaliamouth, HI 93213",81,2,2,6,6,2305.65,119.8
592,Aryanna,Hyatt,"211 Jamar Center
West Darby, HI 94535-6157",36,1,2,7,3,2018.56,151.4
593,Reina,Hudson,"36036 Thurman Drive Suite 454
North Erikborough, IA 63440-9324",55,1,2,6,4,2467.04,109.3
594,Eldora,Greenholt,"56809 Mae Prairie
Natalieport, IN 55203-4952",90,2,1,5,4,2171.66,58.7
595,Reese,Treutel,"162 Kub Divide
Angelitashire, LA 19345-2239",41,1,2,4,1,2301.43,33.7
596,Ethan,Schuppe,"17224 Koelpin Rest
Theresiashire, GA 69914",79,2,1,4,5,1971.06,80.3
597,Austin,Legros,"476 Veda View
Groverfurt, AK 15766-2282",80,1,2,3,7,2113.4,53.9
598,Ilene,Dietrich,"934 Josianne Inlet
Lavonnechester, AZ 30057-6787",74,1,2,2,5,1083.9,4.3
599,Novella,Becker,"76281 Germaine Valley
Boscobury, DE 99069-3814",29,2,2,7,3,2126.39,193.7
600,Rodrick,Pacocha,"840 Pfeffer Club
East Amiya, MO 28324",25,1,2,5,5,1883.28,76.1
