"User_id","First_Name","Last_Name","Address","Age","Gender","Rehabilitation",
"1","Aiden","Hodkiewicz","34795 Modesta Vista Suite 993
East Bailey, VT 26547","26","1","1",
"2","Verla","Paucek","668 Alisha Port
Aniyamouth, PA 99186-1643","52","2","1",
"3","Richmond","Kovacek","2659 Maia Islands Apt. 381
Port Elmore, UT 65406","31","2","2",
"4","Jeromy","Schmitt","20035 Effertz Viaduct Suite 786
Gutmannville, WA 10687-0931","72","1","1",
"5","Kailey","Ankunding","7774 Clint Row Suite 134
Grimesfurt, PA 71486","25","2","1",
"6","Sally","Langosh","1995 August Locks
Gutkowskiborough, OK 16002-0542","63","2","2",
"7","Alysha","Swaniawski","951 Toney Track
Derekview, NC 30033-3340","19","1","2",
"8","Edmond","Gottlieb","73564 Tillman Common Apt. 250
South Desmond, MS 72289-1442","85","2","1",
"9","Chanelle","Kerluke","597 Schuster Square
South Keira, LA 81361","39","2","1",
"10","Milton","Kris","512 Verona Oval Apt. 104
Port Lewis, IN 39859","27","1","2",
"11","Jarvis","Frami","61021 Rita Mountain
Littelside, NE 47960-6727","37","2","1",
"12","Adah","Conroy","1145 Quitzon Fall
South Friedaberg, NH 98993-2839","17","2","1",
"13","Harmon","Kiehn","56466 Schiller Circles
Schusterbury, KS 20697","36","2","1",
"14","Nicole","Nitzsche","8094 Ortiz Plains
Lake Cierra, ID 11753","74","1","1",
"15","Cierra","Kub","778 Wilkinson Canyon
South Elnora, ID 03876-0110","53","1","1",
"16","Anita","Murazik","03592 Florence Cape Suite 431
Jettfort, VT 71395","66","2","2",
"17","Roslyn","Prohaska","226 Wisozk Run Apt. 261
West Akeem, IN 67220-5570","23","1","1",
"18","Alfonzo","Mann","46541 Lindgren Plaza
Fletaport, WA 32826-6529","69","2","1",
"19","Alexandre","Kuhic","574 Brown River
Tiannachester, KY 18789","20","2","1",
"20","Myrtle","Hammes","79149 Kirlin Groves
Port Xander, ND 89050-5706","54","1","1",
"21","Deontae","Fritsch","22410 Gutmann Meadow
Rennermouth, VT 83505-5959","39","1","2",
"22","Colleen","Von","809 Vella Coves
Cruickshankstad, KS 44585","23","1","2",
"23","Clyde","Nolan","2830 Lakin Station
New Dovietown, HI 13954-0889","23","1","1",
"24","Donnell","Friesen","5690 Will Estates
South Vicente, KS 97793-3982","34","2","2",
"25","Maribel","Yost","6989 Madilyn Station Apt. 837
Macejkovicborough, WY 72963","46","2","1",
"26","Alda","Purdy","84359 Javier Land Suite 338
North Antonia, VA 05668-7874","86","2","1",
"27","Jordy","Raynor","31113 Lottie Extensions Suite 151
West Ransomport, MO 18809","52","2","2",
"28","Rosina","Kulas","9959 Kozey Square
South Hadley, MS 84558","53","2","1",
"29","Tyrel","Lang","189 Bode Field Apt. 949
South Rosario, IA 45051-8307","86","1","2",
"30","Lavina","Schimmel","6539 Tyler Rue Suite 967
South Laurinechester, AK 47767","75","1","2",
"31","Kip","Cronin","789 Senger Circle Suite 760
Simonisfort, WI 05150","40","1","1",
"32","Schuyler","Hamill","73264 Schimmel Crossing Suite 665
Gleasonville, WV 67619","44","2","2",
"33","Ara","Quitzon","911 Reed Path
North Jordynshire, WY 17220","83","1","1",
"34","Jarvis","Stracke","960 Blanda Village
Declanville, ID 91390-1573","51","2","2",
"35","Precious","Schaefer","18286 Feeney Shoals Apt. 670
Port Bradly, NJ 05023","83","1","2",
"36","Emmitt","Hyatt","76823 Charity Meadow Apt. 453
Kaciton, SD 75849","57","2","2",
"37","Delfina","Dickinson","25320 Hagenes Radial Apt. 276
Olinview, CA 29209-8191","71","2","1",
"38","Samara","Mayert","783 O'Kon Park
Port Ahmadmouth, OH 89528","85","1","1",
"39","Jedidiah","Waelchi","0258 Reichel Prairie
Lake Treva, NJ 44317","49","2","1",
"40","Reese","Gerhold","4592 Elijah Mountain
Lake Arielleview, AK 08100-9110","81","1","2",
"41","Frederique","Kreiger","40117 Volkman Orchard Suite 879
Friesenland, ND 26308","81","2","2",
"42","Rosalyn","O'Kon","21073 Favian Forks Suite 318
Monserrateburgh, NC 69726","62","1","2",
"43","Lilyan","Ebert","515 Bashirian Villages Suite 421
Emmanuelleland, NY 18284-3691","30","1","2",
"44","Kenneth","Mann","0381 Brakus Junction
Rosamondtown, KY 39161","39","1","1",
"45","Mozell","Tillman","2276 Wunsch Flat Suite 971
West Maynard, UT 75569","21","1","1",
"46","Isabell","Bednar","84733 Zechariah Flat
Walkerstad, SD 26364-4651","68","2","2",
"47","Keira","Will","841 Nikolaus Cliff
East Hughberg, IA 13471","67","1","2",
"48","Harrison","Wyman","021 Swift Rest Apt. 174
New Helenamouth, AZ 37850-3719","73","1","1",
"49","Ona","Schmeler","7437 Zboncak Highway Apt. 595
East Alainahaven, MA 96685","70","1","2",
"50","Marilyne","Klein","0866 Rahul Islands Apt. 413
Lake Velva, RI 14556-1032","89","1","2",
"51","Mason","Fadel","91411 Xander Springs
Port Adelaborough, HI 47440","88","2","2",
"52","Nathanael","Kulas","01309 Nienow Prairie
New Yasmine, NH 07879","35","1","1",
"53","Calista","Beier","6099 Daniel Drive Apt. 281
Port Lonzofort, MO 56515","53","2","1",
"54","Sasha","Rodriguez","625 Raoul Road Apt. 060
Lake Jane, DC 41622","36","2","1",
"55","Anais","Miller","6083 Fern Forges Suite 300
North Rhianna, KY 26540-8984","25","2","1",
"56","Kaylee","Cummerata","30372 Roob Trail
South Alvinatown, AR 45952-9158","43","2","1",
"57","Blanca","Ortiz","4994 Retta Extensions Suite 899
Gloverfurt, NY 04613","82","2","2",
"58","Dakota","Cormier","0029 Durgan Overpass
Jarenfurt, FL 07163-8381","24","1","2",
"59","Branson","Koch","20196 VonRueden Extension
Mikaylafurt, DC 03583-8715","43","2","2",
"60","Cordie","Gutkowski","8844 Adriel Ridge Suite 090
Port Daphneyton, WI 24443-5664","46","1","1",
"61","Grady","Runolfsdottir","322 Kirsten Rapids Suite 228
Rashadton, DC 37408-6990","61","2","2",
"62","Noe","Runolfsson","2669 Sandy Streets
East Donnell, SD 43076","18","2","2",
"63","Autumn","Ziemann","06365 Schmitt Crest
New Delphahaven, TN 15990-6116","19","1","2",
"64","Karine","White","76939 Robyn Skyway
Merleshire, WA 88629-8296","54","1","1",
"65","Drew","Pollich","4977 McGlynn Ridge
New Landen, WI 58730","42","2","2",
"66","Michele","Swaniawski","813 Kertzmann Port Apt. 099
Bryceview, LA 44407-3493","81","2","2",
"67","Jarod","Tremblay","51313 Robel Knoll Suite 081
Port Dominique, SC 50536","70","1","2",
"68","Odell","Reilly","630 Johnson Path Suite 262
Lake Audie, KY 38682-2942","34","2","2",
"69","Beau","Torphy","79764 Zella Light
Spinkaburgh, DE 60834-4943","20","2","2",
"70","Dominic","Dooley","9550 Trisha Crescent Suite 640
Port Creola, GA 10005-6872","58","1","2",
"71","Dan","Collins","88680 Velda Valley Apt. 736
Kiehnfort, TX 00380","44","1","1",
"72","Brandon","D'Amore","502 Hauck Bridge Apt. 451
West Stacy, UT 23198","89","1","2",
"73","Vernie","Bashirian","377 Dexter Valleys Apt. 667
Frederikhaven, VA 32265","89","2","2",
"74","Tyrel","Homenick","55888 Boris Mountains Suite 509
Willmsview, AK 92742","66","1","1",
"75","Eliza","Grimes","53881 Reinger Shore Apt. 003
New Trevion, KS 03070","25","2","2",
"76","Bart","Feil","032 Ulices Squares Apt. 244
Port Mara, IA 94885-0404","39","1","2",
"77","Malachi","Trantow","662 Wuckert Inlet Suite 628
East Robbshire, WV 48888-0170","51","2","1",
"78","Claudie","Hermann","20669 Gunner Canyon Apt. 072
North Florence, WI 89114","71","2","2",
"79","Johann","Koch","934 Vandervort Inlet
Krajcikmouth, HI 61872-8146","16","2","2",
"80","Reilly","Halvorson","160 Jamaal Plaza Suite 702
Kuhicbury, UT 55690","13","1","2",
"81","Laura","Thompson","64132 Von Curve Apt. 067
Coleton, GA 72413","74","2","1",
"82","Stephania","Lueilwitz","10483 Aliza Pass
South Walker, MS 37284","14","1","2",
"83","Lucius","Fay","5752 Bosco Manor Apt. 034
Lake Derickfort, NM 82344-0699","59","1","1",
"84","Reva","Wintheiser","351 Carleton Mountain
New Mireille, IA 21828-1240","64","1","1",
"85","Carli","Thiel","607 Devyn Roads Suite 277
Altenwerthburgh, ME 07874-9364","69","2","1",
"86","Deborah","Olson","17088 Bashirian Drives Suite 262
North Adellefort, SC 19943-8968","71","2","1",
"87","Lambert","Bosco","21357 Treutel Crescent Suite 090
West Cliftonton, NJ 75884","84","1","2",
"88","Jed","Parker","10036 Bartell Oval Apt. 933
Rogeliobury, WV 82916-6799","26","2","1",
"89","Cydney","Gerlach","89093 Fernando Curve Apt. 703
South Daniellaborough, AL 71053","21","2","2",
"90","Ila","Kohler","23054 Alycia Club
Bauchfurt, RI 23525-6367","59","2","2",
"91","Rogers","Lesch","91476 Vincenzo Lock
Petraville, VT 01533","72","2","1",
"92","General","Dickens","03833 Hansen Oval Apt. 503
Port Harveyshire, NE 51391-4360","23","2","2",
"93","Dena","Doyle","195 Gerhold Wall
Port Thomas, TN 53407-1488","21","1","1",
"94","Kacey","Abshire","0189 Raynor Course
Gregoriaborough, MS 13678-0272","84","1","2",
"95","Amber","Cummerata","384 Mazie Roads
Westmouth, KY 56969","52","2","1",
"96","Jorge","Luettgen","83075 Lorna Ports
Port Emmanuelville, MI 39906-2259","89","1","1",
"97","Vada","Rath","2022 Layne Springs Apt. 737
West Lindsayborough, WI 81774-6754","39","2","2",
"98","Deondre","Collins","26616 Franz Groves
Lindgrenville, VA 40902","78","2","2",
"99","Janice","Kovacek","5992 Grimes Junctions
Port Tiffanychester, PA 94096-3220","12","1","1",
"100","Rolando","Wuckert","1802 Kovacek Track
East Namebury, FL 33645","54","2","1",
"101","Tyrel","Lang","0480 Bogisich Trail
Port Demondmouth, DE 31548-5314","55","2","1",
"102","Kristoffer","Zemlak","49177 Parisian Locks
Grimesburgh, HI 33263","38","1","2",
"103","Tess","Homenick","767 Feeney Walk
Pamelaborough, PA 52435","40","2","2",
"104","Cristobal","Zulauf","212 Jaskolski Corner
Jenaburgh, WY 19924","73","2","1",
"105","Liam","Lowe","578 Anjali Turnpike
Lake Darrick, IN 44028-7900","14","1","1",
"106","Kenyatta","Kohler","827 Celine Street
Brekketon, NV 71698","56","2","1",
"107","Ronaldo","Armstrong","000 Dolores Forge Suite 998
Carterton, CA 15859","60","2","1",
"108","Miles","Upton","48152 Una Corners
North Mustafa, RI 14329-4684","72","1","1",
"109","Delaney","Stehr","65384 Huels Road Apt. 856
Lake Heaven, VA 72520","42","1","2",
"110","Benjamin","Kassulke","582 Effertz Mountain
Lake Adrain, WA 97695-8517","89","1","2",
"111","Myrtis","Hyatt","39368 Pollich Underpass
Kuvalisside, NH 75428","47","2","2",
"112","Roel","McGlynn","597 Gerson Islands Apt. 012
South Lucianostad, MI 12878","12","1","2",
"113","Camren","Olson","58928 Cara Parkways
Ricebury, ID 82077-2149","48","2","1",
"114","Heaven","Lueilwitz","7850 Will Port
West Lorenborough, KS 61683-2879","62","2","2",
"115","Zola","Zulauf","9633 Kuhlman Land
Whitetown, AZ 22222-7588","16","2","2",
"116","Jolie","Runte","7369 Balistreri Pass Apt. 897
Spencerton, TN 72673","56","2","2",
"117","Stevie","Halvorson","2566 Steuber Meadows
West Martine, KY 04985","68","1","2",
"118","Anissa","Feest","143 Runolfsdottir Heights
Port Hilbert, SD 17078","21","1","2",
"119","Janick","Gutmann","141 Carolyn Ways
Mayerton, IN 44084-9776","65","2","2",
"120","Mckayla","Yundt","5445 Ratke Path
North Ervinfurt, GA 27668","83","1","2",
"121","June","Stanton","3924 Bailee Pass Suite 097
Corkeryville, SD 27316-8457","64","1","2",
"122","Jess","Torphy","772 Ashtyn Oval Apt. 945
Pierreshire, MS 91821","46","2","2",
"123","Jannie","Bogan","887 Camylle Cliffs Suite 049
Jennieton, NY 36417","14","2","1",
"124","Marlon","Smith","02924 Stanton Springs
Lake Isadore, NM 73470","13","1","2",
"125","Aurelie","Ziemann","827 Halie Locks
Violetteview, NE 37499-4900","47","1","2",
"126","Minnie","Oberbrunner","531 Schamberger Passage Suite 251
Naderborough, OH 40572-1762","58","1","1",
"127","Sabrina","Ruecker","29913 Vincenza Ranch Suite 190
Feilside, MS 97221","80","2","1",
"128","Domenick","Schuppe","958 Christiansen Summit
Jeramymouth, OK 33075","67","1","1",
"129","Devante","Lind","15640 Kautzer Dam Apt. 441
East Kelsie, ND 19714-0119","12","1","2",
"130","Gloria","Senger","3101 Opal Creek
Quitzonmouth, MS 57694","19","1","1",
"131","Beulah","West","882 Wisozk Plains
Wolffhaven, ND 22542-4590","50","2","1",
"132","Haylee","Rippin","25532 Kenya Curve
Adriennemouth, NV 96577-7401","68","1","1",
"133","Astrid","Jenkins","8088 Rose Track
Isabellamouth, CA 56246","28","2","1",
"134","Roxane","Schaefer","495 Stamm Plains
Lake Era, OH 59017-3414","29","1","1",
"135","Luther","Volkman","2859 Eichmann Crescent Suite 414
Princechester, TX 00314","41","2","1",
"136","Jeramy","O'Conner","69650 Treutel Key
Kassulkeport, CT 15010-6819","83","1","2",
"137","Kaci","Boehm","75501 Dimitri Rapid
West Jamel, NH 59722","32","1","1",
"138","Stephany","Smitham","76858 Zulauf Brooks Suite 030
New Astrid, IA 93731-4455","83","1","1",
"139","Matilda","Gerlach","0133 Christa Squares
Scarlettport, IN 50704","88","1","1",
"140","Frances","Vandervort","9352 Donavon Glens Apt. 216
Antoniaview, SD 74087","30","2","2",
"141","Tina","Hyatt","01910 Bahringer Shoals Suite 065
Raquelport, OR 97844","22","2","2",
"142","Leann","Schimmel","7922 Ernser Spurs
West Wileyside, NH 58955-8276","24","2","1",
"143","Cary","Keebler","85399 Luciano Ports
Hahnborough, UT 90271-0786","71","2","2",
"144","Unique","Gutkowski","3796 Hoeger Trafficway
New Siennaview, OK 16687-6964","58","1","2",
"145","Zella","Crona","876 Tate Cape
Kamilleview, NE 22496","41","2","2",
"146","Melvin","Reichert","105 Osvaldo Fords Apt. 637
Durganland, TX 34119","14","1","2",
"147","Torrey","Mraz","289 Margie Coves Suite 889
Wuckertfort, MO 24254","20","1","2",
"148","Nels","Robel","4700 Greenholt Trafficway
South Daniela, MA 49865-5253","75","1","2",
"149","Arnulfo","Batz","50172 Gulgowski Ramp Suite 730
East Darron, AZ 12421-9498","73","2","2",
"150","Quinton","Wilderman","3129 Amelie Drive
North Bonnieberg, NJ 60351-5490","43","2","1",
"151","Trudie","Brown","75542 Stamm Pines
Edmondmouth, RI 70010","68","2","1",
"152","Cristal","Aufderhar","132 Hollie Street
Port Nellieborough, HI 98713-3228","23","1","2",
"153","Jaleel","Blanda","966 Osinski Parks Apt. 251
Hayesbury, MN 50601-3502","13","2","2",
"154","Dion","Heller","1649 Hayes Park
Ziemannport, UT 24644-7779","17","2","2",
"155","Anika","Shields","9434 Brekke Ridge
Port Francomouth, SC 24581","78","1","1",
"156","Carey","Gerhold","7304 Bartell Park
Port Vincefort, IN 26484","64","1","2",
"157","Trisha","Bahringer","5734 Daphne Route Apt. 103
Raleightown, ME 34866-1639","26","1","2",
"158","Samir","Waelchi","638 Stark Extensions Suite 870
Amelieville, NY 82863-1268","26","1","2",
"159","Carlie","Johnson","1324 Zieme Mission Apt. 013
West Nicklaus, AL 24455","67","1","1",
"160","Quentin","Hagenes","010 Mitchell Spring
South Gonzalochester, NV 89345-0895","87","2","2",
"161","Kaitlyn","Bergnaum","4573 O'Hara Rest Suite 492
West Clovis, FL 00914","89","2","1",
"162","Soledad","Keebler","56981 Ena Course
Ednamouth, WA 43730","24","1","2",
"163","Marlene","McCullough","0972 Sid Lake
North Arvilla, OH 32814-7698","61","2","2",
"164","Hoyt","Christiansen","816 Abby Brooks
Port Brennonchester, KS 57877","39","1","2",
"165","Ludwig","Collins","3299 Hyatt Islands
North Jake, CA 29165-0436","18","2","2",
"166","Kylee","Wunsch","282 Lehner Tunnel
North Adrian, IN 59403","82","2","1",
"167","Kailee","Zulauf","9218 Marquardt Courts Apt. 945
West Gladys, WY 78937","30","1","1",
"168","Cyril","Mohr","1904 Arianna Corners
East Hectorborough, NV 36155","38","1","1",
"169","Abdullah","Conn","9284 Ali Lock Apt. 392
Christiansenland, MD 63864-0488","37","2","1",
"170","Jamel","Hudson","716 Terence Shoal
New Caesar, NH 79896","49","1","1",
"171","Effie","Terry","638 Koss Loop Suite 287
North Modestobury, AL 76201","58","1","1",
"172","Adella","Turcotte","94391 Schmidt Summit Suite 297
Valliefort, IA 51400-8229","40","1","2",
"173","Minnie","Kuhn","061 Lea Street
West Trevorborough, WV 99520","74","1","1",
"174","Kobe","Stehr","368 Hills Avenue
South Henriettestad, FL 64091-6735","32","2","1",
"175","Sedrick","Haag","3936 Reilly Prairie
South Osbaldo, NJ 97891-8399","76","2","1",
"176","Baylee","Pollich","523 May Curve
Port Ricardo, SC 34976-0074","77","2","2",
"177","Cordell","Renner","361 Hintz Inlet
Wildermanton, KS 64069-2181","61","1","2",
"178","Gayle","Boehm","665 Marisa Mall
Lake Ivy, AL 72844-1087","45","1","2",
"179","Faustino","Schumm","85508 Reichert Forge Suite 712
Geoberg, MA 95047","38","1","1",
"180","Montana","Crona","2082 Logan Landing Apt. 650
South Caratown, WI 93645-9162","36","2","1",
"181","Tate","Kuphal","8081 Dessie Trail Apt. 117
South Lesly, TX 16114","68","1","1",
"182","Lia","Rolfson","860 Kohler Views
Lake Reggieberg, MS 86747-0671","76","1","1",
"183","Garfield","Lebsack","12799 Harvey Brooks Suite 649
West Dominiqueborough, WA 98135","34","2","1",
"184","Mavis","Swaniawski","5480 Ryann Mews Apt. 349
Pablobury, MS 04786","86","2","2",
"185","Karley","Lindgren","88290 Wanda Brooks Suite 345
New Brettside, DC 81499","68","1","1",
"186","Green","Harris","073 Rippin Courts
East Meredith, UT 12776-7899","80","1","2",
"187","Carmela","Lockman","4408 Nelle Lodge Apt. 540
Chanelborough, MD 49607-3351","89","2","2",
"188","Elmo","Ledner","543 Nader Rue
Volkmanchester, ME 22158-0328","44","1","2",
"189","Kianna","Harber","6682 Winston Cliffs Suite 329
Roweland, WA 98025-3255","45","1","1",
"190","Alize","Hirthe","15211 Loma Points Suite 921
West Cassieberg, MS 60905","50","1","2",
"191","Antwon","McGlynn","8850 Sammie Extensions Suite 371
Justushaven, SC 88339-5792","28","2","1",
"192","Arnaldo","Nitzsche","4133 Sarai Meadows
McKenzieton, WA 60462-8538","55","1","1",
"193","Walker","Keeling","9398 Funk Run Suite 006
West Kristian, ID 34949-1495","23","1","2",
"194","Gerardo","Bayer","8079 Adams Circles Apt. 568
Kreigermouth, VT 66161-0740","39","1","2",
"195","Modesta","Barton","0793 Hirthe Springs Suite 658
Funkburgh, UT 13324","14","2","2",
"196","Kolby","Hane","2325 Marvin Route
East Roosevelt, OH 85709-3412","82","1","1",
"197","Fabian","Carter","811 Kathleen Skyway Suite 917
Port Howellberg, ND 38320","64","1","1",
"198","Loyce","Bins","9049 Coby Camp
New Romanberg, TN 51211","29","1","2",
"199","Eldred","Hansen","32940 Garrick Street
New Garrettbury, AL 98818-2442","67","1","1",
"200","Gia","Lueilwitz","28367 Adams Stravenue
New Dalestad, TX 27964","81","1","1",
"201","Jacquelyn","Jacobi","548 Wuckert Greens Suite 120
West Rodrickfort, ME 12804","44","2","1",
"202","Russell","Senger","324 Nicolas Forest
Sawaynport, WI 12511-3980","64","1","1",
"203","Meagan","Abbott","0972 Parker Square Suite 058
South Lori, TN 34287","43","1","2",
"204","Isaias","Rempel","8287 Morris Ramp
Mistyfort, OK 05084","47","2","2",
"205","Ervin","O'Kon","55245 Mylene Extension Suite 678
Mayerland, HI 40719-8544","69","2","1",
"206","Xzavier","Quitzon","724 Pollich Spur Apt. 065
Port Henri, OR 46841-0884","55","2","1",
"207","Graham","McLaughlin","189 Wisoky Dam
Daisyborough, NJ 15486","42","1","2",
"208","Kailey","Kihn","56721 Schinner Lane Apt. 203
West Henristad, IN 11750-7362","67","2","2",
"209","Joana","Waters","096 Kohler Wall Apt. 830
Manleyburgh, SC 49686","17","1","2",
"210","Leonie","Lebsack","116 Deontae Street Suite 048
West Kacey, DE 69159","26","1","2",
"211","Dakota","Fisher","3773 Haley Valley Apt. 490
New Sallyport, MT 54815","55","1","2",
"212","Priscilla","Ondricka","38496 Marcelo Forge
New Dylanville, WI 37568-4953","68","1","2",
"213","Karl","Bogisich","71105 Kautzer Stream Apt. 624
Fredyfurt, DC 54937","68","1","1",
"214","Clinton","Towne","902 Elisabeth Burgs
Jacobsview, CT 38111-9134","89","1","2",
"215","Kody","Wiegand","1225 Eryn Lodge Suite 582
Adamsville, NY 01811-7742","81","2","2",
"216","Darrick","Balistreri","423 Jacobi Pike Apt. 201
West Leta, WI 58274-6442","20","1","2",
"217","Helen","Reynolds","99163 Dangelo Cove Suite 792
Tracebury, MO 15637-8554","33","2","1",
"218","Silas","Kuhic","022 Shaina Lake Suite 600
Kriston, MS 41600-6925","24","2","2",
"219","Teagan","Wyman","203 Brakus Plaza
Sipesfort, ND 52889-2020","20","1","2",
"220","Trudie","Hickle","8537 Jarrod Spur
Lake Ivy, FL 68012","40","1","2",
"221","Heloise","Schaefer","2063 William Via
Myrtisbury, AK 03697","13","2","2",
"222","Kaya","Ryan","06019 Lizzie Underpass Apt. 381
Stammchester, VA 54745","58","1","2",
"223","Jaqueline","Emmerich","29134 Joan Shore Apt. 774
Kobyland, ME 04515","58","1","2",
"224","Marisa","Wiegand","6572 Clementina Mountains
Nikolausside, VT 82134-1184","14","2","2",
"225","Elaina","Wuckert","88809 Koss Stream Suite 106
Port Lolita, ND 07873-2220","36","2","2",
"226","Hermina","Emmerich","36505 Osborne Station
New Alanisville, OR 25438","49","2","2",
"227","Dante","Kulas","9652 Terrance Grove
Maybellburgh, AR 21797-8068","88","1","2",
"228","Mauricio","Sawayn","749 Bosco Pass
North Ernestborough, NY 36185-9029","30","1","2",
"229","Taylor","Schowalter","419 Elza Corners Apt. 595
Ortizmouth, WI 83534-2960","78","2","2",
"230","Jackeline","Mayert","0079 Greta Island
McDermottland, NH 08856","28","1","1",
"231","Reid","Purdy","5323 Fabian Wall
South Mertieburgh, AZ 52088","42","2","2",
"232","Marc","DuBuque","68272 Doyle Falls Suite 001
Lizziestad, GA 81659","54","1","2",
"233","Lenna","Orn","78904 Joanny Unions
New Mossie, IA 42788-8604","28","1","1",
"234","Darwin","Lakin","969 Maria Hills
West Ladariusberg, CA 92748","88","1","1",
"235","Quincy","Macejkovic","659 Isom Street Apt. 379
Carliebury, NV 92410","17","2","2",
"236","Verla","O'Kon","37100 Nitzsche Ports
Kreigerborough, AR 89303","53","2","2",
"237","Nash","Volkman","81687 Douglas Cliffs Suite 526
East Stephanyfurt, AK 31895-0252","19","1","2",
"238","Alexanne","Hermann","846 Robel Rapids Apt. 043
Romagueraburgh, AR 78950","35","2","1",
"239","Hilma","Lehner","303 Ruth Harbors Apt. 247
New Grace, ID 70634","24","2","1",
"240","Mandy","Bruen","75726 Rowe Center
Lake Karianne, DE 06214-5189","29","1","1",
"241","Susana","Moen","3920 Dylan Inlet Suite 856
East Alexandrine, RI 71729-4817","23","1","1",
"242","Baby","Schowalter","22358 Karlie Plains
Alexysstad, AK 06017","61","1","2",
"243","Dorothy","Batz","11480 Constantin Unions
Veronaburgh, NC 51966","53","1","1",
"244","Cornell","Heidenreich","864 Cormier Union
New Esteban, SD 18595-1265","87","2","1",
"245","Francesca","Windler","458 Funk Lock
North Lawson, MN 46874","23","2","2",
"246","Annette","Rath","91175 Paucek Loaf
New Lexus, NC 56680","18","1","2",
"247","Marlen","Predovic","783 Bednar Route Suite 441
West Lolita, NV 29339","32","1","2",
"248","Saul","Zulauf","9068 Konopelski Circle Suite 805
Cormierfort, MS 99629-2649","41","2","2",
"249","Gilda","Kozey","322 Crona Cove Apt. 423
Binston, OK 40600","72","1","1",
"250","Houston","Luettgen","411 Lenora Prairie
Port Lincolnberg, MN 59423-9392","67","1","1",
"251","Karine","Wiegand","1931 Brekke Ville Apt. 795
Kochtown, NM 20227-6057","42","2","2",
"252","Bettie","Pagac","1332 Jerde Spurs
South Kenyatta, AK 16582","31","2","2",
"253","Duncan","Hauck","92454 Murphy Mall
Langworthhaven, FL 73677","31","1","1",
"254","Sienna","Bruen","3412 Hand Dam Apt. 320
Ziemannville, CT 88340","75","1","1",
"255","Earnest","Hahn","7487 Shanelle Island Apt. 108
West Aida, WV 82695-0569","41","1","1",
"256","Chase","Prosacco","7823 Schinner Trail
South Tyshawn, FL 83192","17","1","1",
"257","Rosella","Smith","43682 Jett Route Apt. 433
New Woodrowborough, PA 79459-2895","25","2","2",
"258","Audrey","Mosciski","75321 Graham Causeway
North Bradborough, IN 93712-9642","45","1","1",
"259","Loyal","Kovacek","3232 Funk Village
South Candido, MT 00486-7129","19","1","2",
"260","Flo","Christiansen","46531 Gregg Trace Suite 179
Lomaborough, MO 20996-7175","14","1","1",
"261","Carrie","Rippin","2898 King Flat Apt. 202
Julioberg, PA 23417-7525","13","1","1",
"262","Baylee","Mraz","8916 Ike Fort Suite 884
Lake Fredy, CO 79987-0294","69","2","1",
"263","Deven","Prohaska","92115 O'Reilly Haven Apt. 067
North Rozella, WV 37156","65","2","2",
"264","Rosalee","Leannon","42988 Oberbrunner Point
South Stanton, NH 74318","28","1","1",
"265","Talon","Schmeler","2586 Gottlieb Prairie Apt. 095
West Juwan, NC 76360-4441","74","1","2",
"266","Brigitte","Brown","08950 Morton Village
South Kyla, ID 95466","66","1","1",
"267","Naomi","Farrell","9826 Gussie Trace
Ernsershire, DE 54336","76","1","2",
"268","Darryl","Baumbach","2445 Simonis Pine
Port Johnathonville, MO 13638","71","2","2",
"269","Charlie","Hermann","3335 Eunice Glens
Oranfort, NM 83667","13","1","1",
"270","Sydnee","Hane","5978 Nyasia Loaf
Lourdesville, OK 95537-4935","60","2","2",
"271","Delilah","Anderson","403 Koelpin Street
Stiedemannshire, NH 98403-5990","49","1","1",
"272","Mateo","Braun","11563 Ransom Shores
Port Edgarside, CA 44132-2497","29","1","2",
"273","Camilla","Bartell","64250 Meta Mews Suite 274
Annamarieside, GA 10753","72","1","1",
"274","Alexanne","Howe","432 Madilyn Bridge Apt. 288
Eichmannchester, AL 71317-4343","32","2","1",
"275","Junius","Dooley","8114 Kozey Forge Apt. 803
Erwintown, NV 95988","49","1","2",
"276","Ardella","Dooley","624 Rick Street
Friesenbury, ID 59348-0041","68","2","2",
"277","Jess","Hoeger","0193 Smith Orchard
Murlmouth, AZ 63091-0706","36","1","1",
"278","Alexandra","Farrell","2265 Gerlach Mission
Stiedemannshire, WY 38187","74","1","2",
"279","Guillermo","Rolfson","2736 Kory Drive
New Cathrine, UT 10119-9318","78","2","2",
"280","Sebastian","Walsh","848 Elroy Forks
Marvinland, NJ 54405","58","1","2",
"281","Gianni","Towne","3756 Magnus Ridge
Lockmanshire, MT 11087-6749","37","1","1",
"282","Asa","Bruen","92273 Micheal Mission Suite 393
Lake Guido, VT 06326","26","2","2",
"283","Cornelius","Rau","64678 Vergie Ports Suite 995
Stantonbury, KY 60677","32","1","2",
"284","Dovie","Feest","4158 Mosciski Dale Suite 763
Alphonsofurt, MN 43771","12","1","2",
"285","Else","Kessler","206 Kerluke Mountain Apt. 672
Stuartberg, HI 04604","44","2","1",
"286","Harrison","Simonis","519 Konopelski Prairie
North Maureen, MO 89168-7317","30","2","2",
"287","Leonel","Zulauf","088 Mayert Lodge Suite 314
North Clementina, IL 06728","32","1","1",
"288","Delmer","Wiegand","3354 Quentin Ports Apt. 290
East Lexus, KS 71662","52","1","2",
"289","Johnathon","Jaskolski","72563 Christiansen Shores
New Connie, WY 20710","45","1","1",
"290","Grayce","Erdman","0687 Koch Crossroad
Bauchborough, MD 34871-1541","16","2","2",
"291","Elsa","Becker","74554 Leffler Ports
Nayeliburgh, ME 36341-0232","17","2","1",
"292","Wellington","McClure","814 Hoeger Wells Apt. 745
Port Carmineview, MI 26450","45","2","1",
"293","Trisha","Brown","290 Vivienne View Suite 783
New Siennaside, DE 80434-2041","82","2","1",
"294","Edwina","Sawayn","460 Candace Lodge
Lake Amparohaven, MD 93819","41","1","1",
"295","Allene","Bechtelar","570 Shanelle Brook
New Araceli, SD 60045","18","1","2",
"296","Sydney","Langworth","93049 Dicki Viaduct Apt. 514
North Marlene, DC 64335-8203","82","2","2",
"297","Constantin","Koss","820 Beahan Islands Suite 917
Port Beatrice, OH 73899","81","2","1",
"298","Annabell","Schmidt","3744 Shanelle Courts Suite 457
Rathshire, WY 93390-4178","53","2","1",
"299","Stanton","Grimes","062 Morissette Gardens
Xzavierton, MN 53070-9384","47","1","2",
"300","Collin","Zieme","05132 Roberts Oval Suite 874
Fritschburgh, NC 10704-0582","59","2","1",
